Año,ID_ESTADO,NOMBRE_ESTADO,ID_MUNICIPIO,MUNICIPIO,Partido,Votos,NUM_VOTOS_VALIDOS,NUM_VOTOS_CAN_NREG,NUM_VOTOS_NULOS,TOTAL_VOTOS,LISTA_NOMINAL,votos_coalicion,Coalición
2022,10,DURANGO,1,CANATLAN,PAN,4489,14759,2,421,15182,24940,4489,No
2022,10,DURANGO,1,CANATLAN,PRI,1458,14759,2,421,15182,24940,1458,No
2022,10,DURANGO,1,CANATLAN,PRD,156,14759,2,421,15182,24940,156,No
2022,10,DURANGO,1,CANATLAN,PVEM,4805,14759,2,421,15182,24940,4805,No
2022,10,DURANGO,1,CANATLAN,PT,413,14759,2,421,15182,24940,413,No
2022,10,DURANGO,1,CANATLAN,MC,587,14759,2,421,15182,24940,587,No
2022,10,DURANGO,1,CANATLAN,MORENA,1651,14759,2,421,15182,24940,1651,No
2022,10,DURANGO,1,CANATLAN,RSPD,139,14759,2,421,15182,24940,139,No
2022,10,DURANGO,1,CANATLAN,PAN_PRI_PRD,170,14759,2,421,15182,24940,6273,Sí
2022,10,DURANGO,1,CANATLAN,PAN_PRI,320,14759,2,421,15182,24940,6267,Sí
2022,10,DURANGO,1,CANATLAN,PAN_PRD,24,14759,2,421,15182,24940,4669,Sí
2022,10,DURANGO,1,CANATLAN,PRI_PRD,6,14759,2,421,15182,24940,1620,Sí
2022,10,DURANGO,1,CANATLAN,PVEM_PT_MORENA_RSPD,51,14759,2,421,15182,24940,7059,Sí
2022,10,DURANGO,1,CANATLAN,PVEM_PT_MORENA,83,14759,2,421,15182,24940,6952,Sí
2022,10,DURANGO,1,CANATLAN,PVEM_PT_RSPD,18,14759,2,421,15182,24940,5375,Sí
2022,10,DURANGO,1,CANATLAN,PVEM_MORENA_RSPD,19,14759,2,421,15182,24940,6614,Sí
2022,10,DURANGO,1,CANATLAN,PVEM_PT,75,14759,2,421,15182,24940,5293,Sí
2022,10,DURANGO,1,CANATLAN,PVEM_MORENA,185,14759,2,421,15182,24940,6641,Sí
2022,10,DURANGO,1,CANATLAN,PVEM_RSPD,46,14759,2,421,15182,24940,4990,Sí
2022,10,DURANGO,1,CANATLAN,PT_MORENA_RSPD,5,14759,2,421,15182,24940,2208,Sí
2022,10,DURANGO,1,CANATLAN,PT_MORENA,34,14759,2,421,15182,24940,2098,Sí
2022,10,DURANGO,1,CANATLAN,PT_RSPD,5,14759,2,421,15182,24940,557,Sí
2022,10,DURANGO,1,CANATLAN,MORENA_RSPD,20,14759,2,421,15182,24940,1810,Sí
2022,10,DURANGO,2,CANELAS,PAN,638,2037,0,38,2075,3161,638,No
2022,10,DURANGO,2,CANELAS,PRI,290,2037,0,38,2075,3161,290,No
2022,10,DURANGO,2,CANELAS,PVEM,12,2037,0,38,2075,3161,12,No
2022,10,DURANGO,2,CANELAS,PT,22,2037,0,38,2075,3161,22,No
2022,10,DURANGO,2,CANELAS,MORENA,928,2037,0,38,2075,3161,928,No
2022,10,DURANGO,2,CANELAS,RSPD,111,2037,0,38,2075,3161,111,No
2022,10,DURANGO,2,CANELAS,PVEM_PT_MORENA_RSPD,4,2037,0,38,2075,3161,1077,Sí
2022,10,DURANGO,2,CANELAS,PVEM_PT_MORENA,0,2037,0,38,2075,3161,962,Sí
2022,10,DURANGO,2,CANELAS,PVEM_PT_RSPD,0,2037,0,38,2075,3161,145,Sí
2022,10,DURANGO,2,CANELAS,PVEM_MORENA_RSPD,1,2037,0,38,2075,3161,1052,Sí
2022,10,DURANGO,2,CANELAS,PVEM_PT,0,2037,0,38,2075,3161,34,Sí
2022,10,DURANGO,2,CANELAS,PVEM_MORENA,1,2037,0,38,2075,3161,941,Sí
2022,10,DURANGO,2,CANELAS,PVEM_RSPD,1,2037,0,38,2075,3161,124,Sí
2022,10,DURANGO,2,CANELAS,PT_MORENA_RSPD,3,2037,0,38,2075,3161,1064,Sí
2022,10,DURANGO,2,CANELAS,PT_MORENA,4,2037,0,38,2075,3161,954,Sí
2022,10,DURANGO,2,CANELAS,PT_RSPD,0,2037,0,38,2075,3161,133,Sí
2022,10,DURANGO,2,CANELAS,MORENA_RSPD,22,2037,0,38,2075,3161,1061,Sí
2022,10,DURANGO,3,CONETO DE COMONFORT,PAN,179,2234,0,33,2267,3372,179,No
2022,10,DURANGO,3,CONETO DE COMONFORT,PRI,444,2234,0,33,2267,3372,444,No
2022,10,DURANGO,3,CONETO DE COMONFORT,PRD,600,2234,0,33,2267,3372,600,No
2022,10,DURANGO,3,CONETO DE COMONFORT,PVEM,22,2234,0,33,2267,3372,22,No
2022,10,DURANGO,3,CONETO DE COMONFORT,PT,60,2234,0,33,2267,3372,60,No
2022,10,DURANGO,3,CONETO DE COMONFORT,MORENA,770,2234,0,33,2267,3372,770,No
2022,10,DURANGO,3,CONETO DE COMONFORT,RSPD,47,2234,0,33,2267,3372,47,No
2022,10,DURANGO,3,CONETO DE COMONFORT,PAN_PRI_PRD,40,2234,0,33,2267,3372,1263,Sí
2022,10,DURANGO,3,CONETO DE COMONFORT,PAN_PRI,7,2234,0,33,2267,3372,630,Sí
2022,10,DURANGO,3,CONETO DE COMONFORT,PAN_PRD,7,2234,0,33,2267,3372,786,Sí
2022,10,DURANGO,3,CONETO DE COMONFORT,PRI_PRD,15,2234,0,33,2267,3372,1059,Sí
2022,10,DURANGO,3,CONETO DE COMONFORT,PVEM_PT_MORENA_RSPD,3,2234,0,33,2267,3372,902,Sí
2022,10,DURANGO,3,CONETO DE COMONFORT,PVEM_PT_MORENA,3,2234,0,33,2267,3372,855,Sí
2022,10,DURANGO,3,CONETO DE COMONFORT,PVEM_PT_RSPD,4,2234,0,33,2267,3372,133,Sí
2022,10,DURANGO,3,CONETO DE COMONFORT,PVEM_MORENA_RSPD,4,2234,0,33,2267,3372,843,Sí
2022,10,DURANGO,3,CONETO DE COMONFORT,PVEM_PT,3,2234,0,33,2267,3372,85,Sí
2022,10,DURANGO,3,CONETO DE COMONFORT,PVEM_MORENA,5,2234,0,33,2267,3372,797,Sí
2022,10,DURANGO,3,CONETO DE COMONFORT,PVEM_RSPD,1,2234,0,33,2267,3372,70,Sí
2022,10,DURANGO,3,CONETO DE COMONFORT,PT_MORENA_RSPD,1,2234,0,33,2267,3372,878,Sí
2022,10,DURANGO,3,CONETO DE COMONFORT,PT_MORENA,9,2234,0,33,2267,3372,839,Sí
2022,10,DURANGO,3,CONETO DE COMONFORT,PT_RSPD,3,2234,0,33,2267,3372,110,Sí
2022,10,DURANGO,3,CONETO DE COMONFORT,MORENA_RSPD,7,2234,0,33,2267,3372,824,Sí
2022,10,DURANGO,4,CUENCAME,PAN,728,13071,11,339,13421,26166,728,No
2022,10,DURANGO,4,CUENCAME,PRI,4175,13071,11,339,13421,26166,4175,No
2022,10,DURANGO,4,CUENCAME,PRD,706,13071,11,339,13421,26166,706,No
2022,10,DURANGO,4,CUENCAME,PVEM,1120,13071,11,339,13421,26166,1120,No
2022,10,DURANGO,4,CUENCAME,PT,199,13071,11,339,13421,26166,199,No
2022,10,DURANGO,4,CUENCAME,MORENA,5341,13071,11,339,13421,26166,5341,No
2022,10,DURANGO,4,CUENCAME,RSPD,236,13071,11,339,13421,26166,236,No
2022,10,DURANGO,4,CUENCAME,PAN_PRI_PRD,124,13071,11,339,13421,26166,5733,Sí
2022,10,DURANGO,4,CUENCAME,PAN_PRI,65,13071,11,339,13421,26166,4968,Sí
2022,10,DURANGO,4,CUENCAME,PAN_PRD,5,13071,11,339,13421,26166,1439,Sí
2022,10,DURANGO,4,CUENCAME,PRI_PRD,23,13071,11,339,13421,26166,4904,Sí
2022,10,DURANGO,4,CUENCAME,PVEM_PT_MORENA_RSPD,47,13071,11,339,13421,26166,6943,Sí
2022,10,DURANGO,4,CUENCAME,PVEM_PT_MORENA,31,13071,11,339,13421,26166,6691,Sí
2022,10,DURANGO,4,CUENCAME,PVEM_PT_RSPD,20,13071,11,339,13421,26166,1575,Sí
2022,10,DURANGO,4,CUENCAME,PVEM_MORENA_RSPD,14,13071,11,339,13421,26166,6711,Sí
2022,10,DURANGO,4,CUENCAME,PVEM_PT,12,13071,11,339,13421,26166,1331,Sí
2022,10,DURANGO,4,CUENCAME,PVEM_MORENA,114,13071,11,339,13421,26166,6575,Sí
2022,10,DURANGO,4,CUENCAME,PVEM_RSPD,7,13071,11,339,13421,26166,1363,Sí
2022,10,DURANGO,4,CUENCAME,PT_MORENA_RSPD,19,13071,11,339,13421,26166,5795,Sí
2022,10,DURANGO,4,CUENCAME,PT_MORENA,45,13071,11,339,13421,26166,5585,Sí
2022,10,DURANGO,4,CUENCAME,PT_RSPD,7,13071,11,339,13421,26166,442,Sí
2022,10,DURANGO,4,CUENCAME,MORENA_RSPD,33,13071,11,339,13421,26166,5610,Sí
2022,10,DURANGO,5,DURANGO,PAN,49150,224123,99,3894,228116,496699,49150,No
2022,10,DURANGO,5,DURANGO,PRI,55730,224123,99,3894,228116,496699,55730,No
2022,10,DURANGO,5,DURANGO,PRD,2600,224123,99,3894,228116,496699,2600,No
2022,10,DURANGO,5,DURANGO,PVEM,1797,224123,99,3894,228116,496699,1797,No
2022,10,DURANGO,5,DURANGO,PT,24099,224123,99,3894,228116,496699,24099,No
2022,10,DURANGO,5,DURANGO,MC,35902,224123,99,3894,228116,496699,35902,No
2022,10,DURANGO,5,DURANGO,MORENA,38640,224123,99,3894,228116,496699,38640,No
2022,10,DURANGO,5,DURANGO,RSPD,3076,224123,99,3894,228116,496699,3076,No
2022,10,DURANGO,5,DURANGO,PAN_PRI_PRD,2310,224123,99,3894,228116,496699,109790,Sí
2022,10,DURANGO,5,DURANGO,PAN_PRI,3980,224123,99,3894,228116,496699,108860,Sí
2022,10,DURANGO,5,DURANGO,PAN_PRD,73,224123,99,3894,228116,496699,51823,Sí
2022,10,DURANGO,5,DURANGO,PRI_PRD,113,224123,99,3894,228116,496699,58443,Sí
2022,10,DURANGO,5,DURANGO,PVEM_PT_MORENA_RSPD,400,224123,99,3894,228116,496699,68012,Sí
2022,10,DURANGO,5,DURANGO,PVEM_PT_MORENA,219,224123,99,3894,228116,496699,64755,Sí
2022,10,DURANGO,5,DURANGO,PVEM_PT_RSPD,47,224123,99,3894,228116,496699,29019,Sí
2022,10,DURANGO,5,DURANGO,PVEM_MORENA_RSPD,37,224123,99,3894,228116,496699,43550,Sí
2022,10,DURANGO,5,DURANGO,PVEM_PT,81,224123,99,3894,228116,496699,25977,Sí
2022,10,DURANGO,5,DURANGO,PVEM_MORENA,102,224123,99,3894,228116,496699,40539,Sí
2022,10,DURANGO,5,DURANGO,PVEM_RSPD,17,224123,99,3894,228116,496699,4890,Sí
2022,10,DURANGO,5,DURANGO,PT_MORENA_RSPD,339,224123,99,3894,228116,496699,66154,Sí
2022,10,DURANGO,5,DURANGO,PT_MORENA,2661,224123,99,3894,228116,496699,65400,Sí
2022,10,DURANGO,5,DURANGO,PT_RSPD,288,224123,99,3894,228116,496699,27463,Sí
2022,10,DURANGO,5,DURANGO,MORENA_RSPD,300,224123,99,3894,228116,496699,42016,Sí
2022,10,DURANGO,5,DURANGO,Candidatura Independiente,2162,224123,99,3894,228116,496699,2162,No
2022,10,DURANGO,6,SIMON BOLIVAR,PAN,1439,5179,0,98,5277,7715,1439,No
2022,10,DURANGO,6,SIMON BOLIVAR,PRI,2267,5179,0,98,5277,7715,2267,No
2022,10,DURANGO,6,SIMON BOLIVAR,PVEM,73,5179,0,98,5277,7715,73,No
2022,10,DURANGO,6,SIMON BOLIVAR,PT,25,5179,0,98,5277,7715,25,No
2022,10,DURANGO,6,SIMON BOLIVAR,MORENA,1213,5179,0,98,5277,7715,1213,No
2022,10,DURANGO,6,SIMON BOLIVAR,RSPD,124,5179,0,98,5277,7715,124,No
2022,10,DURANGO,6,SIMON BOLIVAR,PVEM_PT_MORENA_RSPD,5,5179,0,98,5277,7715,1440,Sí
2022,10,DURANGO,6,SIMON BOLIVAR,PVEM_PT_MORENA,1,5179,0,98,5277,7715,1312,Sí
2022,10,DURANGO,6,SIMON BOLIVAR,PVEM_PT_RSPD,2,5179,0,98,5277,7715,224,Sí
2022,10,DURANGO,6,SIMON BOLIVAR,PVEM_MORENA_RSPD,3,5179,0,98,5277,7715,1413,Sí
2022,10,DURANGO,6,SIMON BOLIVAR,PVEM_PT,2,5179,0,98,5277,7715,100,Sí
2022,10,DURANGO,6,SIMON BOLIVAR,PVEM_MORENA,4,5179,0,98,5277,7715,1290,Sí
2022,10,DURANGO,6,SIMON BOLIVAR,PVEM_RSPD,8,5179,0,98,5277,7715,205,Sí
2022,10,DURANGO,6,SIMON BOLIVAR,PT_MORENA_RSPD,0,5179,0,98,5277,7715,1362,Sí
2022,10,DURANGO,6,SIMON BOLIVAR,PT_MORENA,0,5179,0,98,5277,7715,1238,Sí
2022,10,DURANGO,6,SIMON BOLIVAR,PT_RSPD,1,5179,0,98,5277,7715,150,Sí
2022,10,DURANGO,6,SIMON BOLIVAR,MORENA_RSPD,12,5179,0,98,5277,7715,1349,Sí
2022,10,DURANGO,7,GOMEZ PALACIO,PAN,7373,117988,1157,2078,121223,264967,7373,No
2022,10,DURANGO,7,GOMEZ PALACIO,PRI,55888,117988,1157,2078,121223,264967,55888,No
2022,10,DURANGO,7,GOMEZ PALACIO,PRD,1664,117988,1157,2078,121223,264967,1664,No
2022,10,DURANGO,7,GOMEZ PALACIO,PVEM,1055,117988,1157,2078,121223,264967,1055,No
2022,10,DURANGO,7,GOMEZ PALACIO,PT,714,117988,1157,2078,121223,264967,714,No
2022,10,DURANGO,7,GOMEZ PALACIO,MC,3429,117988,1157,2078,121223,264967,3429,No
2022,10,DURANGO,7,GOMEZ PALACIO,MORENA,43195,117988,1157,2078,121223,264967,43195,No
2022,10,DURANGO,7,GOMEZ PALACIO,RSPD,1155,117988,1157,2078,121223,264967,1155,No
2022,10,DURANGO,7,GOMEZ PALACIO,PAN_PRI_PRD,1168,117988,1157,2078,121223,264967,66093,Sí
2022,10,DURANGO,7,GOMEZ PALACIO,PAN_PRI,1029,117988,1157,2078,121223,264967,64290,Sí
2022,10,DURANGO,7,GOMEZ PALACIO,PAN_PRD,33,117988,1157,2078,121223,264967,9070,Sí
2022,10,DURANGO,7,GOMEZ PALACIO,PRI_PRD,99,117988,1157,2078,121223,264967,57651,Sí
2022,10,DURANGO,7,GOMEZ PALACIO,PVEM_PT_MORENA_RSPD,218,117988,1157,2078,121223,264967,46337,Sí
2022,10,DURANGO,7,GOMEZ PALACIO,PVEM_PT_MORENA,140,117988,1157,2078,121223,264967,45104,Sí
2022,10,DURANGO,7,GOMEZ PALACIO,PVEM_PT_RSPD,25,117988,1157,2078,121223,264967,2949,Sí
2022,10,DURANGO,7,GOMEZ PALACIO,PVEM_MORENA_RSPD,35,117988,1157,2078,121223,264967,45440,Sí
2022,10,DURANGO,7,GOMEZ PALACIO,PVEM_PT,21,117988,1157,2078,121223,264967,1790,Sí
2022,10,DURANGO,7,GOMEZ PALACIO,PVEM_MORENA,119,117988,1157,2078,121223,264967,44369,Sí
2022,10,DURANGO,7,GOMEZ PALACIO,PVEM_RSPD,15,117988,1157,2078,121223,264967,2225,Sí
2022,10,DURANGO,7,GOMEZ PALACIO,PT_MORENA_RSPD,56,117988,1157,2078,121223,264967,45120,Sí
2022,10,DURANGO,7,GOMEZ PALACIO,PT_MORENA,165,117988,1157,2078,121223,264967,44074,Sí
2022,10,DURANGO,7,GOMEZ PALACIO,PT_RSPD,27,117988,1157,2078,121223,264967,1896,Sí
2022,10,DURANGO,7,GOMEZ PALACIO,MORENA_RSPD,365,117988,1157,2078,121223,264967,44715,Sí
2022,10,DURANGO,8,GUADALUPE VICTORIA,PAN,1778,17146,4,534,17684,29526,1778,No
2022,10,DURANGO,8,GUADALUPE VICTORIA,PRI,3039,17146,4,534,17684,29526,3039,No
2022,10,DURANGO,8,GUADALUPE VICTORIA,PRD,3172,17146,4,534,17684,29526,3172,No
2022,10,DURANGO,8,GUADALUPE VICTORIA,PVEM,4721,17146,4,534,17684,29526,4721,No
2022,10,DURANGO,8,GUADALUPE VICTORIA,PT,274,17146,4,534,17684,29526,274,No
2022,10,DURANGO,8,GUADALUPE VICTORIA,MC,864,17146,4,534,17684,29526,864,No
2022,10,DURANGO,8,GUADALUPE VICTORIA,MORENA,2060,17146,4,534,17684,29526,2060,No
2022,10,DURANGO,8,GUADALUPE VICTORIA,RSPD,267,17146,4,534,17684,29526,267,No
2022,10,DURANGO,8,GUADALUPE VICTORIA,PAN_PRI_PRD,160,17146,4,534,17684,29526,8149,Sí
2022,10,DURANGO,8,GUADALUPE VICTORIA,PAN_PRI,78,17146,4,534,17684,29526,4895,Sí
2022,10,DURANGO,8,GUADALUPE VICTORIA,PAN_PRD,44,17146,4,534,17684,29526,4994,Sí
2022,10,DURANGO,8,GUADALUPE VICTORIA,PRI_PRD,68,17146,4,534,17684,29526,6279,Sí
2022,10,DURANGO,8,GUADALUPE VICTORIA,PVEM_PT_MORENA_RSPD,76,17146,4,534,17684,29526,7398,Sí
2022,10,DURANGO,8,GUADALUPE VICTORIA,PVEM_PT_MORENA,71,17146,4,534,17684,29526,7126,Sí
2022,10,DURANGO,8,GUADALUPE VICTORIA,PVEM_PT_RSPD,15,17146,4,534,17684,29526,5277,Sí
2022,10,DURANGO,8,GUADALUPE VICTORIA,PVEM_MORENA_RSPD,29,17146,4,534,17684,29526,7077,Sí
2022,10,DURANGO,8,GUADALUPE VICTORIA,PVEM_PT,41,17146,4,534,17684,29526,5036,Sí
2022,10,DURANGO,8,GUADALUPE VICTORIA,PVEM_MORENA,291,17146,4,534,17684,29526,7072,Sí
2022,10,DURANGO,8,GUADALUPE VICTORIA,PVEM_RSPD,54,17146,4,534,17684,29526,5042,Sí
2022,10,DURANGO,8,GUADALUPE VICTORIA,PT_MORENA_RSPD,3,17146,4,534,17684,29526,2604,Sí
2022,10,DURANGO,8,GUADALUPE VICTORIA,PT_MORENA,16,17146,4,534,17684,29526,2350,Sí
2022,10,DURANGO,8,GUADALUPE VICTORIA,PT_RSPD,1,17146,4,534,17684,29526,542,Sí
2022,10,DURANGO,8,GUADALUPE VICTORIA,MORENA_RSPD,24,17146,4,534,17684,29526,2351,Sí
2022,10,DURANGO,9,GUANACEVI,PAN,314,4673,1,141,4815,7530,314,No
2022,10,DURANGO,9,GUANACEVI,PRI,3496,4673,1,141,4815,7530,3496,No
2022,10,DURANGO,9,GUANACEVI,PVEM,53,4673,1,141,4815,7530,53,No
2022,10,DURANGO,9,GUANACEVI,PT,60,4673,1,141,4815,7530,60,No
2022,10,DURANGO,9,GUANACEVI,MC,0,4673,1,141,4815,7530,0,No
2022,10,DURANGO,9,GUANACEVI,MORENA,750,4673,1,141,4815,7530,750,No
2022,10,DURANGO,10,HIDALGO,PAN,11,2125,0,76,2201,3265,11,No
2022,10,DURANGO,10,HIDALGO,PRI,795,2125,0,76,2201,3265,795,No
2022,10,DURANGO,10,HIDALGO,PRD,813,2125,0,76,2201,3265,813,No
2022,10,DURANGO,10,HIDALGO,PVEM,2,2125,0,76,2201,3265,2,No
2022,10,DURANGO,10,HIDALGO,PT,242,2125,0,76,2201,3265,242,No
2022,10,DURANGO,10,HIDALGO,MC,121,2125,0,76,2201,3265,121,No
2022,10,DURANGO,10,HIDALGO,MORENA,102,2125,0,76,2201,3265,102,No
2022,10,DURANGO,10,HIDALGO,RSPD,14,2125,0,76,2201,3265,14,No
2022,10,DURANGO,10,HIDALGO,PVEM_PT_MORENA_RSPD,1,2125,0,76,2201,3265,361,Sí
2022,10,DURANGO,10,HIDALGO,PVEM_PT_MORENA,1,2125,0,76,2201,3265,347,Sí
2022,10,DURANGO,10,HIDALGO,PVEM_PT_RSPD,0,2125,0,76,2201,3265,258,Sí
2022,10,DURANGO,10,HIDALGO,PVEM_MORENA_RSPD,0,2125,0,76,2201,3265,118,Sí
2022,10,DURANGO,10,HIDALGO,PVEM_PT,0,2125,0,76,2201,3265,244,Sí
2022,10,DURANGO,10,HIDALGO,PVEM_MORENA,0,2125,0,76,2201,3265,104,Sí
2022,10,DURANGO,10,HIDALGO,PVEM_RSPD,0,2125,0,76,2201,3265,16,Sí
2022,10,DURANGO,10,HIDALGO,PT_MORENA_RSPD,0,2125,0,76,2201,3265,358,Sí
2022,10,DURANGO,10,HIDALGO,PT_MORENA,19,2125,0,76,2201,3265,363,Sí
2022,10,DURANGO,10,HIDALGO,PT_RSPD,2,2125,0,76,2201,3265,258,Sí
2022,10,DURANGO,10,HIDALGO,MORENA_RSPD,2,2125,0,76,2201,3265,118,Sí
2022,10,DURANGO,11,INDE,PAN,989,2333,1,64,2398,4442,989,No
2022,10,DURANGO,11,INDE,PRI,603,2333,1,64,2398,4442,603,No
2022,10,DURANGO,11,INDE,PRD,9,2333,1,64,2398,4442,9,No
2022,10,DURANGO,11,INDE,PVEM,12,2333,1,64,2398,4442,12,No
2022,10,DURANGO,11,INDE,PT,27,2333,1,64,2398,4442,27,No
2022,10,DURANGO,11,INDE,MORENA,454,2333,1,64,2398,4442,454,No
2022,10,DURANGO,11,INDE,RSPD,32,2333,1,64,2398,4442,32,No
2022,10,DURANGO,11,INDE,PAN_PRI_PRD,83,2333,1,64,2398,4442,1684,Sí
2022,10,DURANGO,11,INDE,PAN_PRI,100,2333,1,64,2398,4442,1692,Sí
2022,10,DURANGO,11,INDE,PAN_PRD,4,2333,1,64,2398,4442,1002,Sí
2022,10,DURANGO,11,INDE,PRI_PRD,2,2333,1,64,2398,4442,614,Sí
2022,10,DURANGO,11,INDE,PVEM_PT_MORENA_RSPD,2,2333,1,64,2398,4442,527,Sí
2022,10,DURANGO,11,INDE,PVEM_PT_MORENA,1,2333,1,64,2398,4442,494,Sí
2022,10,DURANGO,11,INDE,PVEM_PT_RSPD,1,2333,1,64,2398,4442,72,Sí
2022,10,DURANGO,11,INDE,PVEM_MORENA_RSPD,0,2333,1,64,2398,4442,498,Sí
2022,10,DURANGO,11,INDE,PVEM_PT,1,2333,1,64,2398,4442,40,Sí
2022,10,DURANGO,11,INDE,PVEM_MORENA,1,2333,1,64,2398,4442,467,Sí
2022,10,DURANGO,11,INDE,PVEM_RSPD,0,2333,1,64,2398,4442,44,Sí
2022,10,DURANGO,11,INDE,PT_MORENA_RSPD,1,2333,1,64,2398,4442,514,Sí
2022,10,DURANGO,11,INDE,PT_MORENA,3,2333,1,64,2398,4442,484,Sí
2022,10,DURANGO,11,INDE,PT_RSPD,3,2333,1,64,2398,4442,62,Sí
2022,10,DURANGO,11,INDE,MORENA_RSPD,5,2333,1,64,2398,4442,491,Sí
2022,10,DURANGO,12,LERDO,PAN,3933,56362,13,1082,57457,112335,3933,No
2022,10,DURANGO,12,LERDO,PRI,23493,56362,13,1082,57457,112335,23493,No
2022,10,DURANGO,12,LERDO,PRD,523,56362,13,1082,57457,112335,523,No
2022,10,DURANGO,12,LERDO,PVEM,1091,56362,13,1082,57457,112335,1091,No
2022,10,DURANGO,12,LERDO,PT,824,56362,13,1082,57457,112335,824,No
2022,10,DURANGO,12,LERDO,MC,2669,56362,13,1082,57457,112335,2669,No
2022,10,DURANGO,12,LERDO,MORENA,21469,56362,13,1082,57457,112335,21469,No
2022,10,DURANGO,12,LERDO,RSPD,880,56362,13,1082,57457,112335,880,No
2022,10,DURANGO,12,LERDO,PAN_PRI_PRD,394,56362,13,1082,57457,112335,28343,Sí
2022,10,DURANGO,12,LERDO,PAN_PRI,380,56362,13,1082,57457,112335,27806,Sí
2022,10,DURANGO,12,LERDO,PAN_PRD,13,56362,13,1082,57457,112335,4469,Sí
2022,10,DURANGO,12,LERDO,PRI_PRD,25,56362,13,1082,57457,112335,24041,Sí
2022,10,DURANGO,12,LERDO,PVEM_PT_MORENA_RSPD,87,56362,13,1082,57457,112335,24351,Sí
2022,10,DURANGO,12,LERDO,PVEM_PT_MORENA,69,56362,13,1082,57457,112335,23453,Sí
2022,10,DURANGO,12,LERDO,PVEM_PT_RSPD,21,56362,13,1082,57457,112335,2816,Sí
2022,10,DURANGO,12,LERDO,PVEM_MORENA_RSPD,18,56362,13,1082,57457,112335,23458,Sí
2022,10,DURANGO,12,LERDO,PVEM_PT,25,56362,13,1082,57457,112335,1940,Sí
2022,10,DURANGO,12,LERDO,PVEM_MORENA,99,56362,13,1082,57457,112335,22659,Sí
2022,10,DURANGO,12,LERDO,PVEM_RSPD,15,56362,13,1082,57457,112335,1986,Sí
2022,10,DURANGO,12,LERDO,PT_MORENA_RSPD,38,56362,13,1082,57457,112335,23211,Sí
2022,10,DURANGO,12,LERDO,PT_MORENA,94,56362,13,1082,57457,112335,22387,Sí
2022,10,DURANGO,12,LERDO,PT_RSPD,14,56362,13,1082,57457,112335,1718,Sí
2022,10,DURANGO,12,LERDO,MORENA_RSPD,188,56362,13,1082,57457,112335,22537,Sí
2022,10,DURANGO,13,MAPIMI,PAN,539,10444,3,185,10632,18774,539,No
2022,10,DURANGO,13,MAPIMI,PRI,3503,10444,3,185,10632,18774,3503,No
2022,10,DURANGO,13,MAPIMI,PRD,202,10444,3,185,10632,18774,202,No
2022,10,DURANGO,13,MAPIMI,PVEM,196,10444,3,185,10632,18774,196,No
2022,10,DURANGO,13,MAPIMI,PT,139,10444,3,185,10632,18774,139,No
2022,10,DURANGO,13,MAPIMI,MC,852,10444,3,185,10632,18774,852,No
2022,10,DURANGO,13,MAPIMI,MORENA,4488,10444,3,185,10632,18774,4488,No
2022,10,DURANGO,13,MAPIMI,RSPD,225,10444,3,185,10632,18774,225,No
2022,10,DURANGO,13,MAPIMI,PAN_PRI_PRD,75,10444,3,185,10632,18774,4319,Sí
2022,10,DURANGO,13,MAPIMI,PAN_PRI,86,10444,3,185,10632,18774,4128,Sí
2022,10,DURANGO,13,MAPIMI,PAN_PRD,4,10444,3,185,10632,18774,745,Sí
2022,10,DURANGO,13,MAPIMI,PRI_PRD,9,10444,3,185,10632,18774,3714,Sí
2022,10,DURANGO,13,MAPIMI,PVEM_PT_MORENA_RSPD,19,10444,3,185,10632,18774,5067,Sí
2022,10,DURANGO,13,MAPIMI,PVEM_PT_MORENA,8,10444,3,185,10632,18774,4831,Sí
2022,10,DURANGO,13,MAPIMI,PVEM_PT_RSPD,2,10444,3,185,10632,18774,562,Sí
2022,10,DURANGO,13,MAPIMI,PVEM_MORENA_RSPD,3,10444,3,185,10632,18774,4912,Sí
2022,10,DURANGO,13,MAPIMI,PVEM_PT,2,10444,3,185,10632,18774,337,Sí
2022,10,DURANGO,13,MAPIMI,PVEM_MORENA,14,10444,3,185,10632,18774,4698,Sí
2022,10,DURANGO,13,MAPIMI,PVEM_RSPD,2,10444,3,185,10632,18774,423,Sí
2022,10,DURANGO,13,MAPIMI,PT_MORENA_RSPD,7,10444,3,185,10632,18774,4859,Sí
2022,10,DURANGO,13,MAPIMI,PT_MORENA,23,10444,3,185,10632,18774,4650,Sí
2022,10,DURANGO,13,MAPIMI,PT_RSPD,6,10444,3,185,10632,18774,370,Sí
2022,10,DURANGO,13,MAPIMI,MORENA_RSPD,40,10444,3,185,10632,18774,4753,Sí
2022,10,DURANGO,14,MEZQUITAL,PAN,223,15621,3950,957,20528,33029,223,No
2022,10,DURANGO,14,MEZQUITAL,PRI,9350,15621,3950,957,20528,33029,9350,No
2022,10,DURANGO,14,MEZQUITAL,PRD,17,15621,3950,957,20528,33029,17,No
2022,10,DURANGO,14,MEZQUITAL,PVEM,3744,15621,3950,957,20528,33029,3744,No
2022,10,DURANGO,14,MEZQUITAL,PT,115,15621,3950,957,20528,33029,115,No
2022,10,DURANGO,14,MEZQUITAL,MC,87,15621,3950,957,20528,33029,87,No
2022,10,DURANGO,14,MEZQUITAL,MORENA,1586,15621,3950,957,20528,33029,1586,No
2022,10,DURANGO,14,MEZQUITAL,RSPD,216,15621,3950,957,20528,33029,216,No
2022,10,DURANGO,14,MEZQUITAL,PVEM_PT_MORENA_RSPD,21,15621,3950,957,20528,33029,5682,Sí
2022,10,DURANGO,14,MEZQUITAL,PVEM_PT_MORENA,10,15621,3950,957,20528,33029,5455,Sí
2022,10,DURANGO,14,MEZQUITAL,PVEM_PT_RSPD,7,15621,3950,957,20528,33029,4082,Sí
2022,10,DURANGO,14,MEZQUITAL,PVEM_MORENA_RSPD,7,15621,3950,957,20528,33029,5553,Sí
2022,10,DURANGO,14,MEZQUITAL,PVEM_PT,35,15621,3950,957,20528,33029,3894,Sí
2022,10,DURANGO,14,MEZQUITAL,PVEM_MORENA,138,15621,3950,957,20528,33029,5468,Sí
2022,10,DURANGO,14,MEZQUITAL,PVEM_RSPD,45,15621,3950,957,20528,33029,4005,Sí
2022,10,DURANGO,14,MEZQUITAL,PT_MORENA_RSPD,0,15621,3950,957,20528,33029,1917,Sí
2022,10,DURANGO,14,MEZQUITAL,PT_MORENA,9,15621,3950,957,20528,33029,1710,Sí
2022,10,DURANGO,14,MEZQUITAL,PT_RSPD,3,15621,3950,957,20528,33029,334,Sí
2022,10,DURANGO,14,MEZQUITAL,MORENA_RSPD,8,15621,3950,957,20528,33029,1810,Sí
2022,10,DURANGO,15,NAZAS,PAN,2031,6359,2,136,6497,9765,2031,No
2022,10,DURANGO,15,NAZAS,PRI,611,6359,2,136,6497,9765,611,No
2022,10,DURANGO,15,NAZAS,PRD,18,6359,2,136,6497,9765,18,No
2022,10,DURANGO,15,NAZAS,PVEM,29,6359,2,136,6497,9765,29,No
2022,10,DURANGO,15,NAZAS,PT,510,6359,2,136,6497,9765,510,No
2022,10,DURANGO,15,NAZAS,MORENA,2605,6359,2,136,6497,9765,2605,No
2022,10,DURANGO,15,NAZAS,RSPD,137,6359,2,136,6497,9765,137,No
2022,10,DURANGO,15,NAZAS,PAN_PRI_PRD,68,6359,2,136,6497,9765,2728,Sí
2022,10,DURANGO,15,NAZAS,PAN_PRI,168,6359,2,136,6497,9765,2810,Sí
2022,10,DURANGO,15,NAZAS,PAN_PRD,3,6359,2,136,6497,9765,2052,Sí
2022,10,DURANGO,15,NAZAS,PRI_PRD,2,6359,2,136,6497,9765,631,Sí
2022,10,DURANGO,15,NAZAS,PVEM_PT_MORENA_RSPD,32,6359,2,136,6497,9765,3313,Sí
2022,10,DURANGO,15,NAZAS,PVEM_PT_MORENA,18,6359,2,136,6497,9765,3162,Sí
2022,10,DURANGO,15,NAZAS,PVEM_PT_RSPD,12,6359,2,136,6497,9765,688,Sí
2022,10,DURANGO,15,NAZAS,PVEM_MORENA_RSPD,5,6359,2,136,6497,9765,2776,Sí
2022,10,DURANGO,15,NAZAS,PVEM_PT,6,6359,2,136,6497,9765,545,Sí
2022,10,DURANGO,15,NAZAS,PVEM_MORENA,8,6359,2,136,6497,9765,2642,Sí
2022,10,DURANGO,15,NAZAS,PVEM_RSPD,0,6359,2,136,6497,9765,166,Sí
2022,10,DURANGO,15,NAZAS,PT_MORENA_RSPD,18,6359,2,136,6497,9765,3270,Sí
2022,10,DURANGO,15,NAZAS,PT_MORENA,44,6359,2,136,6497,9765,3159,Sí
2022,10,DURANGO,15,NAZAS,PT_RSPD,10,6359,2,136,6497,9765,657,Sí
2022,10,DURANGO,15,NAZAS,MORENA_RSPD,24,6359,2,136,6497,9765,2766,Sí
2022,10,DURANGO,16,NOMBRE DE DIOS,PAN,803,8060,1,250,8311,15120,803,No
2022,10,DURANGO,16,NOMBRE DE DIOS,PRI,657,8060,1,250,8311,15120,657,No
2022,10,DURANGO,16,NOMBRE DE DIOS,PRD,2403,8060,1,250,8311,15120,2403,No
2022,10,DURANGO,16,NOMBRE DE DIOS,PVEM,240,8060,1,250,8311,15120,240,No
2022,10,DURANGO,16,NOMBRE DE DIOS,PT,1740,8060,1,250,8311,15120,1740,No
2022,10,DURANGO,16,NOMBRE DE DIOS,MC,364,8060,1,250,8311,15120,364,No
2022,10,DURANGO,16,NOMBRE DE DIOS,MORENA,1234,8060,1,250,8311,15120,1234,No
2022,10,DURANGO,16,NOMBRE DE DIOS,RSPD,85,8060,1,250,8311,15120,85,No
2022,10,DURANGO,16,NOMBRE DE DIOS,PAN_PRI_PRD,107,8060,1,250,8311,15120,3970,Sí
2022,10,DURANGO,16,NOMBRE DE DIOS,PAN_PRI,29,8060,1,250,8311,15120,1489,Sí
2022,10,DURANGO,16,NOMBRE DE DIOS,PAN_PRD,53,8060,1,250,8311,15120,3259,Sí
2022,10,DURANGO,16,NOMBRE DE DIOS,PRI_PRD,72,8060,1,250,8311,15120,3132,Sí
2022,10,DURANGO,16,NOMBRE DE DIOS,PVEM_PT_MORENA_RSPD,27,8060,1,250,8311,15120,3326,Sí
2022,10,DURANGO,16,NOMBRE DE DIOS,PVEM_PT_MORENA,27,8060,1,250,8311,15120,3241,Sí
2022,10,DURANGO,16,NOMBRE DE DIOS,PVEM_PT_RSPD,3,8060,1,250,8311,15120,2068,Sí
2022,10,DURANGO,16,NOMBRE DE DIOS,PVEM_MORENA_RSPD,2,8060,1,250,8311,15120,1561,Sí
2022,10,DURANGO,16,NOMBRE DE DIOS,PVEM_PT,12,8060,1,250,8311,15120,1992,Sí
2022,10,DURANGO,16,NOMBRE DE DIOS,PVEM_MORENA,7,8060,1,250,8311,15120,1481,Sí
2022,10,DURANGO,16,NOMBRE DE DIOS,PVEM_RSPD,1,8060,1,250,8311,15120,326,Sí
2022,10,DURANGO,16,NOMBRE DE DIOS,PT_MORENA_RSPD,17,8060,1,250,8311,15120,3076,Sí
2022,10,DURANGO,16,NOMBRE DE DIOS,PT_MORENA,152,8060,1,250,8311,15120,3126,Sí
2022,10,DURANGO,16,NOMBRE DE DIOS,PT_RSPD,17,8060,1,250,8311,15120,1842,Sí
2022,10,DURANGO,16,NOMBRE DE DIOS,MORENA_RSPD,8,8060,1,250,8311,15120,1327,Sí
2022,10,DURANGO,17,NUEVO IDEAL,PAN,2789,10365,2,316,10683,21631,2789,No
2022,10,DURANGO,17,NUEVO IDEAL,PRI,3495,10365,2,316,10683,21631,3495,No
2022,10,DURANGO,17,NUEVO IDEAL,PRD,56,10365,2,316,10683,21631,56,No
2022,10,DURANGO,17,NUEVO IDEAL,PVEM,63,10365,2,316,10683,21631,63,No
2022,10,DURANGO,17,NUEVO IDEAL,PT,87,10365,2,316,10683,21631,87,No
2022,10,DURANGO,17,NUEVO IDEAL,MC,217,10365,2,316,10683,21631,217,No
2022,10,DURANGO,17,NUEVO IDEAL,MORENA,3260,10365,2,316,10683,21631,3260,No
2022,10,DURANGO,17,NUEVO IDEAL,RSPD,234,10365,2,316,10683,21631,234,No
2022,10,DURANGO,17,NUEVO IDEAL,PVEM_PT_MORENA_RSPD,20,10365,2,316,10683,21631,3664,Sí
2022,10,DURANGO,17,NUEVO IDEAL,PVEM_PT_MORENA,8,10365,2,316,10683,21631,3418,Sí
2022,10,DURANGO,17,NUEVO IDEAL,PVEM_PT_RSPD,2,10365,2,316,10683,21631,386,Sí
2022,10,DURANGO,17,NUEVO IDEAL,PVEM_MORENA_RSPD,1,10365,2,316,10683,21631,3558,Sí
2022,10,DURANGO,17,NUEVO IDEAL,PVEM_PT,1,10365,2,316,10683,21631,151,Sí
2022,10,DURANGO,17,NUEVO IDEAL,PVEM_MORENA,12,10365,2,316,10683,21631,3335,Sí
2022,10,DURANGO,17,NUEVO IDEAL,PVEM_RSPD,4,10365,2,316,10683,21631,301,Sí
2022,10,DURANGO,17,NUEVO IDEAL,PT_MORENA_RSPD,10,10365,2,316,10683,21631,3591,Sí
2022,10,DURANGO,17,NUEVO IDEAL,PT_MORENA,21,10365,2,316,10683,21631,3368,Sí
2022,10,DURANGO,17,NUEVO IDEAL,PT_RSPD,6,10365,2,316,10683,21631,327,Sí
2022,10,DURANGO,17,NUEVO IDEAL,MORENA_RSPD,79,10365,2,316,10683,21631,3573,Sí
2022,10,DURANGO,18,OCAMPO,PAN,791,3196,776,168,4140,6961,791,No
2022,10,DURANGO,18,OCAMPO,PRI,1165,3196,776,168,4140,6961,1165,No
2022,10,DURANGO,18,OCAMPO,PRD,26,3196,776,168,4140,6961,26,No
2022,10,DURANGO,18,OCAMPO,PVEM,20,3196,776,168,4140,6961,20,No
2022,10,DURANGO,18,OCAMPO,PT,33,3196,776,168,4140,6961,33,No
2022,10,DURANGO,18,OCAMPO,MC,55,3196,776,168,4140,6961,55,No
2022,10,DURANGO,18,OCAMPO,MORENA,884,3196,776,168,4140,6961,884,No
2022,10,DURANGO,18,OCAMPO,RSPD,98,3196,776,168,4140,6961,98,No
2022,10,DURANGO,18,OCAMPO,PAN_PRI_PRD,44,3196,776,168,4140,6961,2026,Sí
2022,10,DURANGO,18,OCAMPO,PAN_PRI,48,3196,776,168,4140,6961,2004,Sí
2022,10,DURANGO,18,OCAMPO,PAN_PRD,1,3196,776,168,4140,6961,818,Sí
2022,10,DURANGO,18,OCAMPO,PRI_PRD,1,3196,776,168,4140,6961,1192,Sí
2022,10,DURANGO,18,OCAMPO,PVEM_PT_MORENA_RSPD,6,3196,776,168,4140,6961,1041,Sí
2022,10,DURANGO,18,OCAMPO,PVEM_PT_MORENA,1,3196,776,168,4140,6961,938,Sí
2022,10,DURANGO,18,OCAMPO,PVEM_PT_RSPD,0,3196,776,168,4140,6961,151,Sí
2022,10,DURANGO,18,OCAMPO,PVEM_MORENA_RSPD,0,3196,776,168,4140,6961,1002,Sí
2022,10,DURANGO,18,OCAMPO,PVEM_PT,0,3196,776,168,4140,6961,53,Sí
2022,10,DURANGO,18,OCAMPO,PVEM_MORENA,4,3196,776,168,4140,6961,908,Sí
2022,10,DURANGO,18,OCAMPO,PVEM_RSPD,0,3196,776,168,4140,6961,118,Sí
2022,10,DURANGO,18,OCAMPO,PT_MORENA_RSPD,2,3196,776,168,4140,6961,1017,Sí
2022,10,DURANGO,18,OCAMPO,PT_MORENA,2,3196,776,168,4140,6961,919,Sí
2022,10,DURANGO,18,OCAMPO,PT_RSPD,2,3196,776,168,4140,6961,133,Sí
2022,10,DURANGO,18,OCAMPO,MORENA_RSPD,13,3196,776,168,4140,6961,995,Sí
2022,10,DURANGO,19,EL ORO,PAN,683,4597,4,133,4734,9913,683,No
2022,10,DURANGO,19,EL ORO,PRI,1540,4597,4,133,4734,9913,1540,No
2022,10,DURANGO,19,EL ORO,PRD,125,4597,4,133,4734,9913,125,No
2022,10,DURANGO,19,EL ORO,PVEM,36,4597,4,133,4734,9913,36,No
2022,10,DURANGO,19,EL ORO,PT,92,4597,4,133,4734,9913,92,No
2022,10,DURANGO,19,EL ORO,MORENA,1763,4597,4,133,4734,9913,1763,No
2022,10,DURANGO,19,EL ORO,RSPD,79,4597,4,133,4734,9913,79,No
2022,10,DURANGO,19,EL ORO,PAN_PRI_PRD,80,4597,4,133,4734,9913,2428,Sí
2022,10,DURANGO,19,EL ORO,PAN_PRI,86,4597,4,133,4734,9913,2309,Sí
2022,10,DURANGO,19,EL ORO,PAN_PRD,2,4597,4,133,4734,9913,810,Sí
2022,10,DURANGO,19,EL ORO,PRI_PRD,6,4597,4,133,4734,9913,1671,Sí
2022,10,DURANGO,19,EL ORO,PVEM_PT_MORENA_RSPD,19,4597,4,133,4734,9913,1989,Sí
2022,10,DURANGO,19,EL ORO,PVEM_PT_MORENA,8,4597,4,133,4734,9913,1899,Sí
2022,10,DURANGO,19,EL ORO,PVEM_PT_RSPD,6,4597,4,133,4734,9913,213,Sí
2022,10,DURANGO,19,EL ORO,PVEM_MORENA_RSPD,1,4597,4,133,4734,9913,1879,Sí
2022,10,DURANGO,19,EL ORO,PVEM_PT,2,4597,4,133,4734,9913,130,Sí
2022,10,DURANGO,19,EL ORO,PVEM_MORENA,7,4597,4,133,4734,9913,1806,Sí
2022,10,DURANGO,19,EL ORO,PVEM_RSPD,2,4597,4,133,4734,9913,117,Sí
2022,10,DURANGO,19,EL ORO,PT_MORENA_RSPD,8,4597,4,133,4734,9913,1942,Sí
2022,10,DURANGO,19,EL ORO,PT_MORENA,36,4597,4,133,4734,9913,1891,Sí
2022,10,DURANGO,19,EL ORO,PT_RSPD,4,4597,4,133,4734,9913,175,Sí
2022,10,DURANGO,19,EL ORO,MORENA_RSPD,12,4597,4,133,4734,9913,1854,Sí
2022,10,DURANGO,20,OTAEZ,PAN,994,2761,0,55,2816,3933,994,No
2022,10,DURANGO,20,OTAEZ,PRI,38,2761,0,55,2816,3933,38,No
2022,10,DURANGO,20,OTAEZ,PRD,7,2761,0,55,2816,3933,7,No
2022,10,DURANGO,20,OTAEZ,PVEM,20,2761,0,55,2816,3933,20,No
2022,10,DURANGO,20,OTAEZ,PT,30,2761,0,55,2816,3933,30,No
2022,10,DURANGO,20,OTAEZ,MORENA,1386,2761,0,55,2816,3933,1386,No
2022,10,DURANGO,20,OTAEZ,RSPD,224,2761,0,55,2816,3933,224,No
2022,10,DURANGO,20,OTAEZ,PVEM_PT_MORENA_RSPD,10,2761,0,55,2816,3933,1670,Sí
2022,10,DURANGO,20,OTAEZ,PVEM_PT_MORENA,2,2761,0,55,2816,3933,1438,Sí
2022,10,DURANGO,20,OTAEZ,PVEM_PT_RSPD,1,2761,0,55,2816,3933,275,Sí
2022,10,DURANGO,20,OTAEZ,PVEM_MORENA_RSPD,3,2761,0,55,2816,3933,1633,Sí
2022,10,DURANGO,20,OTAEZ,PVEM_PT,2,2761,0,55,2816,3933,52,Sí
2022,10,DURANGO,20,OTAEZ,PVEM_MORENA,1,2761,0,55,2816,3933,1407,Sí
2022,10,DURANGO,20,OTAEZ,PVEM_RSPD,0,2761,0,55,2816,3933,244,Sí
2022,10,DURANGO,20,OTAEZ,PT_MORENA_RSPD,10,2761,0,55,2816,3933,1650,Sí
2022,10,DURANGO,20,OTAEZ,PT_MORENA,3,2761,0,55,2816,3933,1419,Sí
2022,10,DURANGO,20,OTAEZ,PT_RSPD,2,2761,0,55,2816,3933,256,Sí
2022,10,DURANGO,20,OTAEZ,MORENA_RSPD,28,2761,0,55,2816,3933,1638,Sí
2022,10,DURANGO,21,PANUCO DE CORONADO,PAN,605,6159,0,128,6287,10854,605,No
2022,10,DURANGO,21,PANUCO DE CORONADO,PRI,1893,6159,0,128,6287,10854,1893,No
2022,10,DURANGO,21,PANUCO DE CORONADO,PRD,167,6159,0,128,6287,10854,167,No
2022,10,DURANGO,21,PANUCO DE CORONADO,PVEM,106,6159,0,128,6287,10854,106,No
2022,10,DURANGO,21,PANUCO DE CORONADO,PT,310,6159,0,128,6287,10854,310,No
2022,10,DURANGO,21,PANUCO DE CORONADO,MC,106,6159,0,128,6287,10854,106,No
2022,10,DURANGO,21,PANUCO DE CORONADO,MORENA,2566,6159,0,128,6287,10854,2566,No
2022,10,DURANGO,21,PANUCO DE CORONADO,RSPD,162,6159,0,128,6287,10854,162,No
2022,10,DURANGO,21,PANUCO DE CORONADO,PAN_PRI_PRD,36,6159,0,128,6287,10854,2701,Sí
2022,10,DURANGO,21,PANUCO DE CORONADO,PAN_PRI,55,6159,0,128,6287,10854,2553,Sí
2022,10,DURANGO,21,PANUCO DE CORONADO,PAN_PRD,3,6159,0,128,6287,10854,775,Sí
2022,10,DURANGO,21,PANUCO DE CORONADO,PRI_PRD,5,6159,0,128,6287,10854,2065,Sí
2022,10,DURANGO,21,PANUCO DE CORONADO,PVEM_PT_MORENA_RSPD,24,6159,0,128,6287,10854,3168,Sí
2022,10,DURANGO,21,PANUCO DE CORONADO,PVEM_PT_MORENA,7,6159,0,128,6287,10854,2989,Sí
2022,10,DURANGO,21,PANUCO DE CORONADO,PVEM_PT_RSPD,6,6159,0,128,6287,10854,584,Sí
2022,10,DURANGO,21,PANUCO DE CORONADO,PVEM_MORENA_RSPD,3,6159,0,128,6287,10854,2837,Sí
2022,10,DURANGO,21,PANUCO DE CORONADO,PVEM_PT,4,6159,0,128,6287,10854,420,Sí
2022,10,DURANGO,21,PANUCO DE CORONADO,PVEM_MORENA,11,6159,0,128,6287,10854,2683,Sí
2022,10,DURANGO,21,PANUCO DE CORONADO,PVEM_RSPD,5,6159,0,128,6287,10854,273,Sí
2022,10,DURANGO,21,PANUCO DE CORONADO,PT_MORENA_RSPD,7,6159,0,128,6287,10854,3045,Sí
2022,10,DURANGO,21,PANUCO DE CORONADO,PT_MORENA,46,6159,0,128,6287,10854,2922,Sí
2022,10,DURANGO,21,PANUCO DE CORONADO,PT_RSPD,6,6159,0,128,6287,10854,478,Sí
2022,10,DURANGO,21,PANUCO DE CORONADO,MORENA_RSPD,26,6159,0,128,6287,10854,2754,Sí
2022,10,DURANGO,22,PEÑON BLANCO,PAN,1034,4933,5,119,5057,8623,1034,No
2022,10,DURANGO,22,PEÑON BLANCO,PRI,1003,4933,5,119,5057,8623,1003,No
2022,10,DURANGO,22,PEÑON BLANCO,PRD,95,4933,5,119,5057,8623,95,No
2022,10,DURANGO,22,PEÑON BLANCO,PVEM,124,4933,5,119,5057,8623,124,No
2022,10,DURANGO,22,PEÑON BLANCO,PT,53,4933,5,119,5057,8623,53,No
2022,10,DURANGO,22,PEÑON BLANCO,MC,522,4933,5,119,5057,8623,522,No
2022,10,DURANGO,22,PEÑON BLANCO,MORENA,1762,4933,5,119,5057,8623,1762,No
2022,10,DURANGO,22,PEÑON BLANCO,RSPD,151,4933,5,119,5057,8623,151,No
2022,10,DURANGO,22,PEÑON BLANCO,PAN_PRI_PRD,56,4933,5,119,5057,8623,2188,Sí
2022,10,DURANGO,22,PEÑON BLANCO,PAN_PRI,54,4933,5,119,5057,8623,2091,Sí
2022,10,DURANGO,22,PEÑON BLANCO,PAN_PRD,9,4933,5,119,5057,8623,1138,Sí
2022,10,DURANGO,22,PEÑON BLANCO,PRI_PRD,0,4933,5,119,5057,8623,1098,Sí
2022,10,DURANGO,22,PEÑON BLANCO,PVEM_PT_MORENA_RSPD,5,4933,5,119,5057,8623,2095,Sí
2022,10,DURANGO,22,PEÑON BLANCO,PVEM_PT_MORENA,5,4933,5,119,5057,8623,1944,Sí
2022,10,DURANGO,22,PEÑON BLANCO,PVEM_PT_RSPD,2,4933,5,119,5057,8623,330,Sí
2022,10,DURANGO,22,PEÑON BLANCO,PVEM_MORENA_RSPD,4,4933,5,119,5057,8623,2041,Sí
2022,10,DURANGO,22,PEÑON BLANCO,PVEM_PT,3,4933,5,119,5057,8623,180,Sí
2022,10,DURANGO,22,PEÑON BLANCO,PVEM_MORENA,9,4933,5,119,5057,8623,1895,Sí
2022,10,DURANGO,22,PEÑON BLANCO,PVEM_RSPD,0,4933,5,119,5057,8623,275,Sí
2022,10,DURANGO,22,PEÑON BLANCO,PT_MORENA_RSPD,4,4933,5,119,5057,8623,1970,Sí
2022,10,DURANGO,22,PEÑON BLANCO,PT_MORENA,10,4933,5,119,5057,8623,1825,Sí
2022,10,DURANGO,22,PEÑON BLANCO,PT_RSPD,1,4933,5,119,5057,8623,205,Sí
2022,10,DURANGO,22,PEÑON BLANCO,MORENA_RSPD,27,4933,5,119,5057,8623,1940,Sí
2022,10,DURANGO,23,POANAS,PAN,2714,10899,2,307,11208,20285,2714,No
2022,10,DURANGO,23,POANAS,PRI,1541,10899,2,307,11208,20285,1541,No
2022,10,DURANGO,23,POANAS,PRD,256,10899,2,307,11208,20285,256,No
2022,10,DURANGO,23,POANAS,PVEM,1677,10899,2,307,11208,20285,1677,No
2022,10,DURANGO,23,POANAS,PT,383,10899,2,307,11208,20285,383,No
2022,10,DURANGO,23,POANAS,MC,1424,10899,2,307,11208,20285,1424,No
2022,10,DURANGO,23,POANAS,MORENA,2214,10899,2,307,11208,20285,2214,No
2022,10,DURANGO,23,POANAS,RSPD,180,10899,2,307,11208,20285,180,No
2022,10,DURANGO,23,POANAS,PAN_PRI_PRD,100,10899,2,307,11208,20285,4611,Sí
2022,10,DURANGO,23,POANAS,PAN_PRI,143,10899,2,307,11208,20285,4398,Sí
2022,10,DURANGO,23,POANAS,PAN_PRD,18,10899,2,307,11208,20285,2988,Sí
2022,10,DURANGO,23,POANAS,PRI_PRD,6,10899,2,307,11208,20285,1803,Sí
2022,10,DURANGO,23,POANAS,PVEM_PT_MORENA_RSPD,43,10899,2,307,11208,20285,4497,Sí
2022,10,DURANGO,23,POANAS,PVEM_PT_MORENA,28,10899,2,307,11208,20285,4302,Sí
2022,10,DURANGO,23,POANAS,PVEM_PT_RSPD,11,10899,2,307,11208,20285,2251,Sí
2022,10,DURANGO,23,POANAS,PVEM_MORENA_RSPD,7,10899,2,307,11208,20285,4078,Sí
2022,10,DURANGO,23,POANAS,PVEM_PT,20,10899,2,307,11208,20285,2080,Sí
2022,10,DURANGO,23,POANAS,PVEM_MORENA,59,10899,2,307,11208,20285,3950,Sí
2022,10,DURANGO,23,POANAS,PVEM_RSPD,17,10899,2,307,11208,20285,1874,Sí
2022,10,DURANGO,23,POANAS,PT_MORENA_RSPD,3,10899,2,307,11208,20285,2780,Sí
2022,10,DURANGO,23,POANAS,PT_MORENA,34,10899,2,307,11208,20285,2631,Sí
2022,10,DURANGO,23,POANAS,PT_RSPD,3,10899,2,307,11208,20285,566,Sí
2022,10,DURANGO,23,POANAS,MORENA_RSPD,18,10899,2,307,11208,20285,2412,Sí
2022,10,DURANGO,24,PUEBLO NUEVO,PAN,4508,18029,2,420,18451,34795,4508,No
2022,10,DURANGO,24,PUEBLO NUEVO,PRI,6832,18029,2,420,18451,34795,6832,No
2022,10,DURANGO,24,PUEBLO NUEVO,PRD,489,18029,2,420,18451,34795,489,No
2022,10,DURANGO,24,PUEBLO NUEVO,PVEM,136,18029,2,420,18451,34795,136,No
2022,10,DURANGO,24,PUEBLO NUEVO,PT,127,18029,2,420,18451,34795,127,No
2022,10,DURANGO,24,PUEBLO NUEVO,MC,275,18029,2,420,18451,34795,275,No
2022,10,DURANGO,24,PUEBLO NUEVO,MORENA,5025,18029,2,420,18451,34795,5025,No
2022,10,DURANGO,24,PUEBLO NUEVO,RSPD,495,18029,2,420,18451,34795,495,No
2022,10,DURANGO,24,PUEBLO NUEVO,PVEM_PT_MORENA_RSPD,15,18029,2,420,18451,34795,5798,Sí
2022,10,DURANGO,24,PUEBLO NUEVO,PVEM_PT_MORENA,7,18029,2,420,18451,34795,5295,Sí
2022,10,DURANGO,24,PUEBLO NUEVO,PVEM_PT_RSPD,3,18029,2,420,18451,34795,761,Sí
2022,10,DURANGO,24,PUEBLO NUEVO,PVEM_MORENA_RSPD,6,18029,2,420,18451,34795,5662,Sí
2022,10,DURANGO,24,PUEBLO NUEVO,PVEM_PT,3,18029,2,420,18451,34795,266,Sí
2022,10,DURANGO,24,PUEBLO NUEVO,PVEM_MORENA,16,18029,2,420,18451,34795,5177,Sí
2022,10,DURANGO,24,PUEBLO NUEVO,PVEM_RSPD,3,18029,2,420,18451,34795,634,Sí
2022,10,DURANGO,24,PUEBLO NUEVO,PT_MORENA_RSPD,6,18029,2,420,18451,34795,5653,Sí
2022,10,DURANGO,24,PUEBLO NUEVO,PT_MORENA,17,18029,2,420,18451,34795,5169,Sí
2022,10,DURANGO,24,PUEBLO NUEVO,PT_RSPD,7,18029,2,420,18451,34795,629,Sí
2022,10,DURANGO,24,PUEBLO NUEVO,MORENA_RSPD,59,18029,2,420,18451,34795,5579,Sí
2022,10,DURANGO,25,RODEO,PAN,515,5621,1,176,5798,10074,515,No
2022,10,DURANGO,25,RODEO,PRI,544,5621,1,176,5798,10074,544,No
2022,10,DURANGO,25,RODEO,PRD,988,5621,1,176,5798,10074,988,No
2022,10,DURANGO,25,RODEO,PVEM,25,5621,1,176,5798,10074,25,No
2022,10,DURANGO,25,RODEO,PT,50,5621,1,176,5798,10074,50,No
2022,10,DURANGO,25,RODEO,MC,1606,5621,1,176,5798,10074,1606,No
2022,10,DURANGO,25,RODEO,MORENA,1588,5621,1,176,5798,10074,1588,No
2022,10,DURANGO,25,RODEO,RSPD,147,5621,1,176,5798,10074,147,No
2022,10,DURANGO,25,RODEO,PAN_PRI_PRD,46,5621,1,176,5798,10074,2093,Sí
2022,10,DURANGO,25,RODEO,PAN_PRI,10,5621,1,176,5798,10074,1069,Sí
2022,10,DURANGO,25,RODEO,PAN_PRD,21,5621,1,176,5798,10074,1524,Sí
2022,10,DURANGO,25,RODEO,PRI_PRD,32,5621,1,176,5798,10074,1564,Sí
2022,10,DURANGO,25,RODEO,PVEM_PT_MORENA_RSPD,2,5621,1,176,5798,10074,1812,Sí
2022,10,DURANGO,25,RODEO,PVEM_PT_MORENA,0,5621,1,176,5798,10074,1663,Sí
2022,10,DURANGO,25,RODEO,PVEM_PT_RSPD,3,5621,1,176,5798,10074,225,Sí
2022,10,DURANGO,25,RODEO,PVEM_MORENA_RSPD,2,5621,1,176,5798,10074,1762,Sí
2022,10,DURANGO,25,RODEO,PVEM_PT,1,5621,1,176,5798,10074,76,Sí
2022,10,DURANGO,25,RODEO,PVEM_MORENA,4,5621,1,176,5798,10074,1617,Sí
2022,10,DURANGO,25,RODEO,PVEM_RSPD,0,5621,1,176,5798,10074,172,Sí
2022,10,DURANGO,25,RODEO,PT_MORENA_RSPD,3,5621,1,176,5798,10074,1788,Sí
2022,10,DURANGO,25,RODEO,PT_MORENA,2,5621,1,176,5798,10074,1640,Sí
2022,10,DURANGO,25,RODEO,PT_RSPD,1,5621,1,176,5798,10074,198,Sí
2022,10,DURANGO,25,RODEO,MORENA_RSPD,31,5621,1,176,5798,10074,1766,Sí
2022,10,DURANGO,26,SAN BERNARDO,PAN,21,1539,31,87,1657,2703,21,No
2022,10,DURANGO,26,SAN BERNARDO,PRI,48,1539,31,87,1657,2703,48,No
2022,10,DURANGO,26,SAN BERNARDO,PRD,730,1539,31,87,1657,2703,730,No
2022,10,DURANGO,26,SAN BERNARDO,PVEM,9,1539,31,87,1657,2703,9,No
2022,10,DURANGO,26,SAN BERNARDO,PT,40,1539,31,87,1657,2703,40,No
2022,10,DURANGO,26,SAN BERNARDO,MORENA,638,1539,31,87,1657,2703,638,No
2022,10,DURANGO,26,SAN BERNARDO,RSPD,29,1539,31,87,1657,2703,29,No
2022,10,DURANGO,26,SAN BERNARDO,PVEM_PT_MORENA_RSPD,3,1539,31,87,1657,2703,719,Sí
2022,10,DURANGO,26,SAN BERNARDO,PVEM_PT_MORENA,2,1539,31,87,1657,2703,689,Sí
2022,10,DURANGO,26,SAN BERNARDO,PVEM_PT_RSPD,0,1539,31,87,1657,2703,78,Sí
2022,10,DURANGO,26,SAN BERNARDO,PVEM_MORENA_RSPD,2,1539,31,87,1657,2703,678,Sí
2022,10,DURANGO,26,SAN BERNARDO,PVEM_PT,1,1539,31,87,1657,2703,50,Sí
2022,10,DURANGO,26,SAN BERNARDO,PVEM_MORENA,2,1539,31,87,1657,2703,649,Sí
2022,10,DURANGO,26,SAN BERNARDO,PVEM_RSPD,0,1539,31,87,1657,2703,38,Sí
2022,10,DURANGO,26,SAN BERNARDO,PT_MORENA_RSPD,0,1539,31,87,1657,2703,707,Sí
2022,10,DURANGO,26,SAN BERNARDO,PT_MORENA,4,1539,31,87,1657,2703,682,Sí
2022,10,DURANGO,26,SAN BERNARDO,PT_RSPD,2,1539,31,87,1657,2703,71,Sí
2022,10,DURANGO,26,SAN BERNARDO,MORENA_RSPD,8,1539,31,87,1657,2703,675,Sí
2022,10,DURANGO,27,SAN DIMAS,PAN,1965,8024,11,175,8210,14076,1965,No
2022,10,DURANGO,27,SAN DIMAS,PRI,492,8024,11,175,8210,14076,492,No
2022,10,DURANGO,27,SAN DIMAS,PRD,23,8024,11,175,8210,14076,23,No
2022,10,DURANGO,27,SAN DIMAS,PVEM,40,8024,11,175,8210,14076,40,No
2022,10,DURANGO,27,SAN DIMAS,PT,65,8024,11,175,8210,14076,65,No
2022,10,DURANGO,27,SAN DIMAS,MC,1374,8024,11,175,8210,14076,1374,No
2022,10,DURANGO,27,SAN DIMAS,MORENA,3548,8024,11,175,8210,14076,3548,No
2022,10,DURANGO,27,SAN DIMAS,RSPD,240,8024,11,175,8210,14076,240,No
2022,10,DURANGO,27,SAN DIMAS,PAN_PRI_PRD,33,8024,11,175,8210,14076,2513,Sí
2022,10,DURANGO,27,SAN DIMAS,PAN_PRI,138,8024,11,175,8210,14076,2595,Sí
2022,10,DURANGO,27,SAN DIMAS,PAN_PRD,3,8024,11,175,8210,14076,1991,Sí
2022,10,DURANGO,27,SAN DIMAS,PRI_PRD,0,8024,11,175,8210,14076,515,Sí
2022,10,DURANGO,27,SAN DIMAS,PVEM_PT_MORENA_RSPD,10,8024,11,175,8210,14076,3903,Sí
2022,10,DURANGO,27,SAN DIMAS,PVEM_PT_MORENA,2,8024,11,175,8210,14076,3655,Sí
2022,10,DURANGO,27,SAN DIMAS,PVEM_PT_RSPD,0,8024,11,175,8210,14076,345,Sí
2022,10,DURANGO,27,SAN DIMAS,PVEM_MORENA_RSPD,4,8024,11,175,8210,14076,3832,Sí
2022,10,DURANGO,27,SAN DIMAS,PVEM_PT,2,8024,11,175,8210,14076,107,Sí
2022,10,DURANGO,27,SAN DIMAS,PVEM_MORENA,2,8024,11,175,8210,14076,3590,Sí
2022,10,DURANGO,27,SAN DIMAS,PVEM_RSPD,0,8024,11,175,8210,14076,280,Sí
2022,10,DURANGO,27,SAN DIMAS,PT_MORENA_RSPD,4,8024,11,175,8210,14076,3857,Sí
2022,10,DURANGO,27,SAN DIMAS,PT_MORENA,19,8024,11,175,8210,14076,3632,Sí
2022,10,DURANGO,27,SAN DIMAS,PT_RSPD,4,8024,11,175,8210,14076,309,Sí
2022,10,DURANGO,27,SAN DIMAS,MORENA_RSPD,56,8024,11,175,8210,14076,3844,Sí
2022,10,DURANGO,28,SAN JUAN DE GUADALUPE,PAN,20,3033,0,77,3110,4389,20,No
2022,10,DURANGO,28,SAN JUAN DE GUADALUPE,PRI,953,3033,0,77,3110,4389,953,No
2022,10,DURANGO,28,SAN JUAN DE GUADALUPE,PRD,774,3033,0,77,3110,4389,774,No
2022,10,DURANGO,28,SAN JUAN DE GUADALUPE,PVEM,57,3033,0,77,3110,4389,57,No
2022,10,DURANGO,28,SAN JUAN DE GUADALUPE,PT,24,3033,0,77,3110,4389,24,No
2022,10,DURANGO,28,SAN JUAN DE GUADALUPE,MC,297,3033,0,77,3110,4389,297,No
2022,10,DURANGO,28,SAN JUAN DE GUADALUPE,MORENA,795,3033,0,77,3110,4389,795,No
2022,10,DURANGO,28,SAN JUAN DE GUADALUPE,RSPD,93,3033,0,77,3110,4389,93,No
2022,10,DURANGO,28,SAN JUAN DE GUADALUPE,PVEM_PT_MORENA_RSPD,0,3033,0,77,3110,4389,969,Sí
2022,10,DURANGO,28,SAN JUAN DE GUADALUPE,PVEM_PT_MORENA,0,3033,0,77,3110,4389,876,Sí
2022,10,DURANGO,28,SAN JUAN DE GUADALUPE,PVEM_PT_RSPD,2,3033,0,77,3110,4389,176,Sí
2022,10,DURANGO,28,SAN JUAN DE GUADALUPE,PVEM_MORENA_RSPD,2,3033,0,77,3110,4389,947,Sí
2022,10,DURANGO,28,SAN JUAN DE GUADALUPE,PVEM_PT,0,3033,0,77,3110,4389,81,Sí
2022,10,DURANGO,28,SAN JUAN DE GUADALUPE,PVEM_MORENA,3,3033,0,77,3110,4389,855,Sí
2022,10,DURANGO,28,SAN JUAN DE GUADALUPE,PVEM_RSPD,1,3033,0,77,3110,4389,151,Sí
2022,10,DURANGO,28,SAN JUAN DE GUADALUPE,PT_MORENA_RSPD,1,3033,0,77,3110,4389,913,Sí
2022,10,DURANGO,28,SAN JUAN DE GUADALUPE,PT_MORENA,0,3033,0,77,3110,4389,819,Sí
2022,10,DURANGO,28,SAN JUAN DE GUADALUPE,PT_RSPD,3,3033,0,77,3110,4389,120,Sí
2022,10,DURANGO,28,SAN JUAN DE GUADALUPE,MORENA_RSPD,8,3033,0,77,3110,4389,896,Sí
2022,10,DURANGO,29,SAN JUAN DEL RIO,PAN,365,6433,19,137,6589,10006,365,No
2022,10,DURANGO,29,SAN JUAN DEL RIO,PRI,3147,6433,19,137,6589,10006,3147,No
2022,10,DURANGO,29,SAN JUAN DEL RIO,PRD,31,6433,19,137,6589,10006,31,No
2022,10,DURANGO,29,SAN JUAN DEL RIO,PVEM,24,6433,19,137,6589,10006,24,No
2022,10,DURANGO,29,SAN JUAN DEL RIO,PT,68,6433,19,137,6589,10006,68,No
2022,10,DURANGO,29,SAN JUAN DEL RIO,MORENA,2320,6433,19,137,6589,10006,2320,No
2022,10,DURANGO,29,SAN JUAN DEL RIO,RSPD,146,6433,19,137,6589,10006,146,No
2022,10,DURANGO,29,SAN JUAN DEL RIO,PAN_PRI_PRD,90,6433,19,137,6589,10006,3633,Sí
2022,10,DURANGO,29,SAN JUAN DEL RIO,PAN_PRI,121,6433,19,137,6589,10006,3633,Sí
2022,10,DURANGO,29,SAN JUAN DEL RIO,PAN_PRD,0,6433,19,137,6589,10006,396,Sí
2022,10,DURANGO,29,SAN JUAN DEL RIO,PRI_PRD,4,6433,19,137,6589,10006,3182,Sí
2022,10,DURANGO,29,SAN JUAN DEL RIO,PVEM_PT_MORENA_RSPD,16,6433,19,137,6589,10006,2574,Sí
2022,10,DURANGO,29,SAN JUAN DEL RIO,PVEM_PT_MORENA,4,6433,19,137,6589,10006,2416,Sí
2022,10,DURANGO,29,SAN JUAN DEL RIO,PVEM_PT_RSPD,2,6433,19,137,6589,10006,240,Sí
2022,10,DURANGO,29,SAN JUAN DEL RIO,PVEM_MORENA_RSPD,6,6433,19,137,6589,10006,2496,Sí
2022,10,DURANGO,29,SAN JUAN DEL RIO,PVEM_PT,3,6433,19,137,6589,10006,95,Sí
2022,10,DURANGO,29,SAN JUAN DEL RIO,PVEM_MORENA,7,6433,19,137,6589,10006,2351,Sí
2022,10,DURANGO,29,SAN JUAN DEL RIO,PVEM_RSPD,2,6433,19,137,6589,10006,172,Sí
2022,10,DURANGO,29,SAN JUAN DEL RIO,PT_MORENA_RSPD,12,6433,19,137,6589,10006,2546,Sí
2022,10,DURANGO,29,SAN JUAN DEL RIO,PT_MORENA,23,6433,19,137,6589,10006,2411,Sí
2022,10,DURANGO,29,SAN JUAN DEL RIO,PT_RSPD,9,6433,19,137,6589,10006,223,Sí
2022,10,DURANGO,29,SAN JUAN DEL RIO,MORENA_RSPD,33,6433,19,137,6589,10006,2499,Sí
2022,10,DURANGO,30,SAN LUIS DEL CORDERO,PAN,239,1247,0,24,1271,1894,239,No
2022,10,DURANGO,30,SAN LUIS DEL CORDERO,PRI,476,1247,0,24,1271,1894,476,No
2022,10,DURANGO,30,SAN LUIS DEL CORDERO,PRD,1,1247,0,24,1271,1894,1,No
2022,10,DURANGO,30,SAN LUIS DEL CORDERO,PVEM,1,1247,0,24,1271,1894,1,No
2022,10,DURANGO,30,SAN LUIS DEL CORDERO,PT,24,1247,0,24,1271,1894,24,No
2022,10,DURANGO,30,SAN LUIS DEL CORDERO,MORENA,478,1247,0,24,1271,1894,478,No
2022,10,DURANGO,30,SAN LUIS DEL CORDERO,RSPD,19,1247,0,24,1271,1894,19,No
2022,10,DURANGO,30,SAN LUIS DEL CORDERO,PVEM_PT_MORENA_RSPD,2,1247,0,24,1271,1894,524,Sí
2022,10,DURANGO,30,SAN LUIS DEL CORDERO,PVEM_PT_MORENA,0,1247,0,24,1271,1894,503,Sí
2022,10,DURANGO,30,SAN LUIS DEL CORDERO,PVEM_PT_RSPD,0,1247,0,24,1271,1894,44,Sí
2022,10,DURANGO,30,SAN LUIS DEL CORDERO,PVEM_MORENA_RSPD,0,1247,0,24,1271,1894,498,Sí
2022,10,DURANGO,30,SAN LUIS DEL CORDERO,PVEM_PT,0,1247,0,24,1271,1894,25,Sí
2022,10,DURANGO,30,SAN LUIS DEL CORDERO,PVEM_MORENA,1,1247,0,24,1271,1894,480,Sí
2022,10,DURANGO,30,SAN LUIS DEL CORDERO,PVEM_RSPD,0,1247,0,24,1271,1894,20,Sí
2022,10,DURANGO,30,SAN LUIS DEL CORDERO,PT_MORENA_RSPD,0,1247,0,24,1271,1894,521,Sí
2022,10,DURANGO,30,SAN LUIS DEL CORDERO,PT_MORENA,1,1247,0,24,1271,1894,503,Sí
2022,10,DURANGO,30,SAN LUIS DEL CORDERO,PT_RSPD,0,1247,0,24,1271,1894,43,Sí
2022,10,DURANGO,30,SAN LUIS DEL CORDERO,MORENA_RSPD,5,1247,0,24,1271,1894,502,Sí
2022,10,DURANGO,31,SAN PEDRO DEL GALLO,PAN,326,997,0,26,1023,1434,326,No
2022,10,DURANGO,31,SAN PEDRO DEL GALLO,PRI,22,997,0,26,1023,1434,22,No
2022,10,DURANGO,31,SAN PEDRO DEL GALLO,PRD,39,997,0,26,1023,1434,39,No
2022,10,DURANGO,31,SAN PEDRO DEL GALLO,PVEM,4,997,0,26,1023,1434,4,No
2022,10,DURANGO,31,SAN PEDRO DEL GALLO,PT,20,997,0,26,1023,1434,20,No
2022,10,DURANGO,31,SAN PEDRO DEL GALLO,MC,416,997,0,26,1023,1434,416,No
2022,10,DURANGO,31,SAN PEDRO DEL GALLO,MORENA,121,997,0,26,1023,1434,121,No
2022,10,DURANGO,31,SAN PEDRO DEL GALLO,RSPD,13,997,0,26,1023,1434,13,No
2022,10,DURANGO,31,SAN PEDRO DEL GALLO,PAN_PRI_PRD,5,997,0,26,1023,1434,392,Sí
2022,10,DURANGO,31,SAN PEDRO DEL GALLO,PAN_PRI,16,997,0,26,1023,1434,364,Sí
2022,10,DURANGO,31,SAN PEDRO DEL GALLO,PAN_PRD,2,997,0,26,1023,1434,367,Sí
2022,10,DURANGO,31,SAN PEDRO DEL GALLO,PRI_PRD,0,997,0,26,1023,1434,61,Sí
2022,10,DURANGO,31,SAN PEDRO DEL GALLO,PVEM_PT_MORENA_RSPD,0,997,0,26,1023,1434,158,Sí
2022,10,DURANGO,31,SAN PEDRO DEL GALLO,PVEM_PT_MORENA,3,997,0,26,1023,1434,148,Sí
2022,10,DURANGO,31,SAN PEDRO DEL GALLO,PVEM_PT_RSPD,0,997,0,26,1023,1434,37,Sí
2022,10,DURANGO,31,SAN PEDRO DEL GALLO,PVEM_MORENA_RSPD,0,997,0,26,1023,1434,138,Sí
2022,10,DURANGO,31,SAN PEDRO DEL GALLO,PVEM_PT,2,997,0,26,1023,1434,26,Sí
2022,10,DURANGO,31,SAN PEDRO DEL GALLO,PVEM_MORENA,0,997,0,26,1023,1434,125,Sí
2022,10,DURANGO,31,SAN PEDRO DEL GALLO,PVEM_RSPD,1,997,0,26,1023,1434,18,Sí
2022,10,DURANGO,31,SAN PEDRO DEL GALLO,PT_MORENA_RSPD,1,997,0,26,1023,1434,155,Sí
2022,10,DURANGO,31,SAN PEDRO DEL GALLO,PT_MORENA,3,997,0,26,1023,1434,144,Sí
2022,10,DURANGO,31,SAN PEDRO DEL GALLO,PT_RSPD,1,997,0,26,1023,1434,34,Sí
2022,10,DURANGO,31,SAN PEDRO DEL GALLO,MORENA_RSPD,2,997,0,26,1023,1434,136,Sí
2022,10,DURANGO,32,SANTA CLARA,PAN,182,3566,1,79,3646,5290,182,No
2022,10,DURANGO,32,SANTA CLARA,PRI,928,3566,1,79,3646,5290,928,No
2022,10,DURANGO,32,SANTA CLARA,PRD,232,3566,1,79,3646,5290,232,No
2022,10,DURANGO,32,SANTA CLARA,PVEM,468,3566,1,79,3646,5290,468,No
2022,10,DURANGO,32,SANTA CLARA,PT,33,3566,1,79,3646,5290,33,No
2022,10,DURANGO,32,SANTA CLARA,MORENA,1482,3566,1,79,3646,5290,1482,No
2022,10,DURANGO,32,SANTA CLARA,RSPD,84,3566,1,79,3646,5290,84,No
2022,10,DURANGO,32,SANTA CLARA,PAN_PRI_PRD,21,3566,1,79,3646,5290,1363,Sí
2022,10,DURANGO,32,SANTA CLARA,PAN_PRI,15,3566,1,79,3646,5290,1125,Sí
2022,10,DURANGO,32,SANTA CLARA,PAN_PRD,2,3566,1,79,3646,5290,416,Sí
2022,10,DURANGO,32,SANTA CLARA,PRI_PRD,5,3566,1,79,3646,5290,1165,Sí
2022,10,DURANGO,32,SANTA CLARA,PVEM_PT_MORENA_RSPD,15,3566,1,79,3646,5290,2082,Sí
2022,10,DURANGO,32,SANTA CLARA,PVEM_PT_MORENA,9,3566,1,79,3646,5290,1992,Sí
2022,10,DURANGO,32,SANTA CLARA,PVEM_PT_RSPD,4,3566,1,79,3646,5290,589,Sí
2022,10,DURANGO,32,SANTA CLARA,PVEM_MORENA_RSPD,10,3566,1,79,3646,5290,2044,Sí
2022,10,DURANGO,32,SANTA CLARA,PVEM_PT,8,3566,1,79,3646,5290,509,Sí
2022,10,DURANGO,32,SANTA CLARA,PVEM_MORENA,46,3566,1,79,3646,5290,1996,Sí
2022,10,DURANGO,32,SANTA CLARA,PVEM_RSPD,6,3566,1,79,3646,5290,558,Sí
2022,10,DURANGO,32,SANTA CLARA,PT_MORENA_RSPD,2,3566,1,79,3646,5290,1601,Sí
2022,10,DURANGO,32,SANTA CLARA,PT_MORENA,5,3566,1,79,3646,5290,1520,Sí
2022,10,DURANGO,32,SANTA CLARA,PT_RSPD,1,3566,1,79,3646,5290,118,Sí
2022,10,DURANGO,32,SANTA CLARA,MORENA_RSPD,8,3566,1,79,3646,5290,1574,Sí
2022,10,DURANGO,33,SANTIAGO PAPASQUIARO,PAN,11237,19369,6,518,19893,38413,11237,No
2022,10,DURANGO,33,SANTIAGO PAPASQUIARO,PRI,2369,19369,6,518,19893,38413,2369,No
2022,10,DURANGO,33,SANTIAGO PAPASQUIARO,PRD,344,19369,6,518,19893,38413,344,No
2022,10,DURANGO,33,SANTIAGO PAPASQUIARO,PVEM,92,19369,6,518,19893,38413,92,No
2022,10,DURANGO,33,SANTIAGO PAPASQUIARO,PT,215,19369,6,518,19893,38413,215,No
2022,10,DURANGO,33,SANTIAGO PAPASQUIARO,MC,318,19369,6,518,19893,38413,318,No
2022,10,DURANGO,33,SANTIAGO PAPASQUIARO,MORENA,3350,19369,6,518,19893,38413,3350,No
2022,10,DURANGO,33,SANTIAGO PAPASQUIARO,RSPD,386,19369,6,518,19893,38413,386,No
2022,10,DURANGO,33,SANTIAGO PAPASQUIARO,PAN_PRI_PRD,196,19369,6,518,19893,38413,14146,Sí
2022,10,DURANGO,33,SANTIAGO PAPASQUIARO,PAN_PRI,664,19369,6,518,19893,38413,14270,Sí
2022,10,DURANGO,33,SANTIAGO PAPASQUIARO,PAN_PRD,24,19369,6,518,19893,38413,11605,Sí
2022,10,DURANGO,33,SANTIAGO PAPASQUIARO,PRI_PRD,4,19369,6,518,19893,38413,2717,Sí
2022,10,DURANGO,33,SANTIAGO PAPASQUIARO,PVEM_PT_MORENA_RSPD,20,19369,6,518,19893,38413,4063,Sí
2022,10,DURANGO,33,SANTIAGO PAPASQUIARO,PVEM_PT_MORENA,12,19369,6,518,19893,38413,3669,Sí
2022,10,DURANGO,33,SANTIAGO PAPASQUIARO,PVEM_PT_RSPD,4,19369,6,518,19893,38413,697,Sí
2022,10,DURANGO,33,SANTIAGO PAPASQUIARO,PVEM_MORENA_RSPD,5,19369,6,518,19893,38413,3833,Sí
2022,10,DURANGO,33,SANTIAGO PAPASQUIARO,PVEM_PT,4,19369,6,518,19893,38413,311,Sí
2022,10,DURANGO,33,SANTIAGO PAPASQUIARO,PVEM_MORENA,14,19369,6,518,19893,38413,3456,Sí
2022,10,DURANGO,33,SANTIAGO PAPASQUIARO,PVEM_RSPD,4,19369,6,518,19893,38413,482,Sí
2022,10,DURANGO,33,SANTIAGO PAPASQUIARO,PT_MORENA_RSPD,22,19369,6,518,19893,38413,3973,Sí
2022,10,DURANGO,33,SANTIAGO PAPASQUIARO,PT_MORENA,30,19369,6,518,19893,38413,3595,Sí
2022,10,DURANGO,33,SANTIAGO PAPASQUIARO,PT_RSPD,3,19369,6,518,19893,38413,604,Sí
2022,10,DURANGO,33,SANTIAGO PAPASQUIARO,MORENA_RSPD,52,19369,6,518,19893,38413,3788,Sí
2022,10,DURANGO,34,SUCHIL,PAN,540,3524,2,95,3621,5452,540,No
2022,10,DURANGO,34,SUCHIL,PRI,507,3524,2,95,3621,5452,507,No
2022,10,DURANGO,34,SUCHIL,PRD,95,3524,2,95,3621,5452,95,No
2022,10,DURANGO,34,SUCHIL,PVEM,33,3524,2,95,3621,5452,33,No
2022,10,DURANGO,34,SUCHIL,PT,287,3524,2,95,3621,5452,287,No
2022,10,DURANGO,34,SUCHIL,MORENA,1588,3524,2,95,3621,5452,1588,No
2022,10,DURANGO,34,SUCHIL,RSPD,109,3524,2,95,3621,5452,109,No
2022,10,DURANGO,34,SUCHIL,PAN_PRI_PRD,66,3524,2,95,3621,5452,1208,Sí
2022,10,DURANGO,34,SUCHIL,PAN_PRI,54,3524,2,95,3621,5452,1101,Sí
2022,10,DURANGO,34,SUCHIL,PAN_PRD,0,3524,2,95,3621,5452,635,Sí
2022,10,DURANGO,34,SUCHIL,PRI_PRD,2,3524,2,95,3621,5452,604,Sí
2022,10,DURANGO,34,SUCHIL,PVEM_PT_MORENA_RSPD,75,3524,2,95,3621,5452,2092,Sí
2022,10,DURANGO,34,SUCHIL,PVEM_PT_MORENA,16,3524,2,95,3621,5452,1924,Sí
2022,10,DURANGO,34,SUCHIL,PVEM_PT_RSPD,14,3524,2,95,3621,5452,443,Sí
2022,10,DURANGO,34,SUCHIL,PVEM_MORENA_RSPD,5,3524,2,95,3621,5452,1735,Sí
2022,10,DURANGO,34,SUCHIL,PVEM_PT,7,3524,2,95,3621,5452,327,Sí
2022,10,DURANGO,34,SUCHIL,PVEM_MORENA,14,3524,2,95,3621,5452,1635,Sí
2022,10,DURANGO,34,SUCHIL,PVEM_RSPD,11,3524,2,95,3621,5452,153,Sí
2022,10,DURANGO,34,SUCHIL,PT_MORENA_RSPD,25,3524,2,95,3621,5452,2009,Sí
2022,10,DURANGO,34,SUCHIL,PT_MORENA,50,3524,2,95,3621,5452,1925,Sí
2022,10,DURANGO,34,SUCHIL,PT_RSPD,5,3524,2,95,3621,5452,401,Sí
2022,10,DURANGO,34,SUCHIL,MORENA_RSPD,21,3524,2,95,3621,5452,1718,Sí
2022,10,DURANGO,35,TAMAZULA,PAN,322,12357,1,304,12662,17065,322,No
2022,10,DURANGO,35,TAMAZULA,PRI,5239,12357,1,304,12662,17065,5239,No
2022,10,DURANGO,35,TAMAZULA,PRD,34,12357,1,304,12662,17065,34,No
2022,10,DURANGO,35,TAMAZULA,PVEM,34,12357,1,304,12662,17065,34,No
2022,10,DURANGO,35,TAMAZULA,PT,61,12357,1,304,12662,17065,61,No
2022,10,DURANGO,35,TAMAZULA,MC,16,12357,1,304,12662,17065,16,No
2022,10,DURANGO,35,TAMAZULA,MORENA,5992,12357,1,304,12662,17065,5992,No
2022,10,DURANGO,35,TAMAZULA,RSPD,291,12357,1,304,12662,17065,291,No
2022,10,DURANGO,35,TAMAZULA,PAN_PRI_PRD,64,12357,1,304,12662,17065,5659,Sí
2022,10,DURANGO,35,TAMAZULA,PAN_PRI,137,12357,1,304,12662,17065,5698,Sí
2022,10,DURANGO,35,TAMAZULA,PAN_PRD,1,12357,1,304,12662,17065,357,Sí
2022,10,DURANGO,35,TAMAZULA,PRI_PRD,4,12357,1,304,12662,17065,5277,Sí
2022,10,DURANGO,35,TAMAZULA,PVEM_PT_MORENA_RSPD,8,12357,1,304,12662,17065,6386,Sí
2022,10,DURANGO,35,TAMAZULA,PVEM_PT_MORENA,2,12357,1,304,12662,17065,6089,Sí
2022,10,DURANGO,35,TAMAZULA,PVEM_PT_RSPD,2,12357,1,304,12662,17065,388,Sí
2022,10,DURANGO,35,TAMAZULA,PVEM_MORENA_RSPD,2,12357,1,304,12662,17065,6319,Sí
2022,10,DURANGO,35,TAMAZULA,PVEM_PT,4,12357,1,304,12662,17065,99,Sí
2022,10,DURANGO,35,TAMAZULA,PVEM_MORENA,2,12357,1,304,12662,17065,6028,Sí
2022,10,DURANGO,35,TAMAZULA,PVEM_RSPD,3,12357,1,304,12662,17065,328,Sí
2022,10,DURANGO,35,TAMAZULA,PT_MORENA_RSPD,15,12357,1,304,12662,17065,6359,Sí
2022,10,DURANGO,35,TAMAZULA,PT_MORENA,15,12357,1,304,12662,17065,6068,Sí
2022,10,DURANGO,35,TAMAZULA,PT_RSPD,3,12357,1,304,12662,17065,355,Sí
2022,10,DURANGO,35,TAMAZULA,MORENA_RSPD,106,12357,1,304,12662,17065,6389,Sí
2022,10,DURANGO,36,TEPEHUANES,PAN,360,5511,4,135,5650,10459,360,No
2022,10,DURANGO,36,TEPEHUANES,PRI,3154,5511,4,135,5650,10459,3154,No
2022,10,DURANGO,36,TEPEHUANES,PRD,44,5511,4,135,5650,10459,44,No
2022,10,DURANGO,36,TEPEHUANES,PVEM,41,5511,4,135,5650,10459,41,No
2022,10,DURANGO,36,TEPEHUANES,PT,61,5511,4,135,5650,10459,61,No
2022,10,DURANGO,36,TEPEHUANES,MORENA,1592,5511,4,135,5650,10459,1592,No
2022,10,DURANGO,36,TEPEHUANES,RSPD,101,5511,4,135,5650,10459,101,No
2022,10,DURANGO,36,TEPEHUANES,PAN_PRI_PRD,41,5511,4,135,5650,10459,3599,Sí
2022,10,DURANGO,36,TEPEHUANES,PAN_PRI,56,5511,4,135,5650,10459,3570,Sí
2022,10,DURANGO,36,TEPEHUANES,PAN_PRD,2,5511,4,135,5650,10459,406,Sí
2022,10,DURANGO,36,TEPEHUANES,PRI_PRD,10,5511,4,135,5650,10459,3208,Sí
2022,10,DURANGO,36,TEPEHUANES,PVEM_PT_MORENA_RSPD,8,5511,4,135,5650,10459,1803,Sí
2022,10,DURANGO,36,TEPEHUANES,PVEM_PT_MORENA,2,5511,4,135,5650,10459,1696,Sí
2022,10,DURANGO,36,TEPEHUANES,PVEM_PT_RSPD,2,5511,4,135,5650,10459,205,Sí
2022,10,DURANGO,36,TEPEHUANES,PVEM_MORENA_RSPD,2,5511,4,135,5650,10459,1736,Sí
2022,10,DURANGO,36,TEPEHUANES,PVEM_PT,3,5511,4,135,5650,10459,105,Sí
2022,10,DURANGO,36,TEPEHUANES,PVEM_MORENA,2,5511,4,135,5650,10459,1635,Sí
2022,10,DURANGO,36,TEPEHUANES,PVEM_RSPD,2,5511,4,135,5650,10459,144,Sí
2022,10,DURANGO,36,TEPEHUANES,PT_MORENA_RSPD,4,5511,4,135,5650,10459,1758,Sí
2022,10,DURANGO,36,TEPEHUANES,PT_MORENA,6,5511,4,135,5650,10459,1659,Sí
2022,10,DURANGO,36,TEPEHUANES,PT_RSPD,6,5511,4,135,5650,10459,168,Sí
2022,10,DURANGO,36,TEPEHUANES,MORENA_RSPD,12,5511,4,135,5650,10459,1705,Sí
2022,10,DURANGO,37,TLAHUALILO,PAN,2250,9192,377,211,9780,15337,2250,No
2022,10,DURANGO,37,TLAHUALILO,PRI,2557,9192,377,211,9780,15337,2557,No
2022,10,DURANGO,37,TLAHUALILO,PRD,182,9192,377,211,9780,15337,182,No
2022,10,DURANGO,37,TLAHUALILO,PVEM,25,9192,377,211,9780,15337,25,No
2022,10,DURANGO,37,TLAHUALILO,PT,94,9192,377,211,9780,15337,94,No
2022,10,DURANGO,37,TLAHUALILO,MORENA,3901,9192,377,211,9780,15337,3901,No
2022,10,DURANGO,37,TLAHUALILO,RSPD,129,9192,377,211,9780,15337,129,No
2022,10,DURANGO,37,TLAHUALILO,PVEM_PT_MORENA_RSPD,9,9192,377,211,9780,15337,4158,Sí
2022,10,DURANGO,37,TLAHUALILO,PVEM_PT_MORENA,3,9192,377,211,9780,15337,4023,Sí
2022,10,DURANGO,37,TLAHUALILO,PVEM_PT_RSPD,4,9192,377,211,9780,15337,252,Sí
2022,10,DURANGO,37,TLAHUALILO,PVEM_MORENA_RSPD,2,9192,377,211,9780,15337,4057,Sí
2022,10,DURANGO,37,TLAHUALILO,PVEM_PT,3,9192,377,211,9780,15337,122,Sí
2022,10,DURANGO,37,TLAHUALILO,PVEM_MORENA,4,9192,377,211,9780,15337,3930,Sí
2022,10,DURANGO,37,TLAHUALILO,PVEM_RSPD,1,9192,377,211,9780,15337,155,Sí
2022,10,DURANGO,37,TLAHUALILO,PT_MORENA_RSPD,4,9192,377,211,9780,15337,4128,Sí
2022,10,DURANGO,37,TLAHUALILO,PT_MORENA,12,9192,377,211,9780,15337,4007,Sí
2022,10,DURANGO,37,TLAHUALILO,PT_RSPD,1,9192,377,211,9780,15337,224,Sí
2022,10,DURANGO,37,TLAHUALILO,MORENA_RSPD,11,9192,377,211,9780,15337,4041,Sí
2022,10,DURANGO,38,TOPIA,PAN,919,3139,0,86,3225,5987,919,No
2022,10,DURANGO,38,TOPIA,PRI,156,3139,0,86,3225,5987,156,No
2022,10,DURANGO,38,TOPIA,PRD,18,3139,0,86,3225,5987,18,No
2022,10,DURANGO,38,TOPIA,PVEM,34,3139,0,86,3225,5987,34,No
2022,10,DURANGO,38,TOPIA,PT,72,3139,0,86,3225,5987,72,No
2022,10,DURANGO,38,TOPIA,MORENA,1644,3139,0,86,3225,5987,1644,No
2022,10,DURANGO,38,TOPIA,RSPD,136,3139,0,86,3225,5987,136,No
2022,10,DURANGO,38,TOPIA,PAN_PRI_PRD,24,3139,0,86,3225,5987,1117,Sí
2022,10,DURANGO,38,TOPIA,PAN_PRI,54,3139,0,86,3225,5987,1129,Sí
2022,10,DURANGO,38,TOPIA,PAN_PRD,1,3139,0,86,3225,5987,938,Sí
2022,10,DURANGO,38,TOPIA,PRI_PRD,2,3139,0,86,3225,5987,176,Sí
2022,10,DURANGO,38,TOPIA,PVEM_PT_MORENA_RSPD,12,3139,0,86,3225,5987,1898,Sí
2022,10,DURANGO,38,TOPIA,PVEM_PT_MORENA,10,3139,0,86,3225,5987,1760,Sí
2022,10,DURANGO,38,TOPIA,PVEM_PT_RSPD,4,3139,0,86,3225,5987,246,Sí
2022,10,DURANGO,38,TOPIA,PVEM_MORENA_RSPD,2,3139,0,86,3225,5987,1816,Sí
2022,10,DURANGO,38,TOPIA,PVEM_PT,2,3139,0,86,3225,5987,108,Sí
2022,10,DURANGO,38,TOPIA,PVEM_MORENA,6,3139,0,86,3225,5987,1684,Sí
2022,10,DURANGO,38,TOPIA,PVEM_RSPD,1,3139,0,86,3225,5987,171,Sí
2022,10,DURANGO,38,TOPIA,PT_MORENA_RSPD,6,3139,0,86,3225,5987,1858,Sí
2022,10,DURANGO,38,TOPIA,PT_MORENA,10,3139,0,86,3225,5987,1726,Sí
2022,10,DURANGO,38,TOPIA,PT_RSPD,3,3139,0,86,3225,5987,211,Sí
2022,10,DURANGO,38,TOPIA,MORENA_RSPD,23,3139,0,86,3225,5987,1803,Sí
2022,10,DURANGO,39,VICENTE GUERRERO,PAN,3143,9836,165,330,10331,18209,3143,No
2022,10,DURANGO,39,VICENTE GUERRERO,PRI,855,9836,165,330,10331,18209,855,No
2022,10,DURANGO,39,VICENTE GUERRERO,PRD,109,9836,165,330,10331,18209,109,No
2022,10,DURANGO,39,VICENTE GUERRERO,PVEM,228,9836,165,330,10331,18209,228,No
2022,10,DURANGO,39,VICENTE GUERRERO,PT,1065,9836,165,330,10331,18209,1065,No
2022,10,DURANGO,39,VICENTE GUERRERO,MC,192,9836,165,330,10331,18209,192,No
2022,10,DURANGO,39,VICENTE GUERRERO,MORENA,3069,9836,165,330,10331,18209,3069,No
2022,10,DURANGO,39,VICENTE GUERRERO,RSPD,141,9836,165,330,10331,18209,141,No
2022,10,DURANGO,39,VICENTE GUERRERO,PAN_PRI_PRD,274,9836,165,330,10331,18209,4381,Sí
2022,10,DURANGO,39,VICENTE GUERRERO,PAN_PRI,282,9836,165,330,10331,18209,4280,Sí
2022,10,DURANGO,39,VICENTE GUERRERO,PAN_PRD,14,9836,165,330,10331,18209,3266,Sí
2022,10,DURANGO,39,VICENTE GUERRERO,PRI_PRD,6,9836,165,330,10331,18209,970,Sí
2022,10,DURANGO,39,VICENTE GUERRERO,PVEM_PT_MORENA_RSPD,143,9836,165,330,10331,18209,4646,Sí
2022,10,DURANGO,39,VICENTE GUERRERO,PVEM_PT_MORENA,55,9836,165,330,10331,18209,4417,Sí
2022,10,DURANGO,39,VICENTE GUERRERO,PVEM_PT_RSPD,16,9836,165,330,10331,18209,1450,Sí
2022,10,DURANGO,39,VICENTE GUERRERO,PVEM_MORENA_RSPD,4,9836,165,330,10331,18209,3442,Sí
2022,10,DURANGO,39,VICENTE GUERRERO,PVEM_PT,17,9836,165,330,10331,18209,1310,Sí
2022,10,DURANGO,39,VICENTE GUERRERO,PVEM_MORENA,16,9836,165,330,10331,18209,3313,Sí
2022,10,DURANGO,39,VICENTE GUERRERO,PVEM_RSPD,0,9836,165,330,10331,18209,369,Sí
2022,10,DURANGO,39,VICENTE GUERRERO,PT_MORENA_RSPD,34,9836,165,330,10331,18209,4309,Sí
2022,10,DURANGO,39,VICENTE GUERRERO,PT_MORENA,121,9836,165,330,10331,18209,4255,Sí
2022,10,DURANGO,39,VICENTE GUERRERO,PT_RSPD,11,9836,165,330,10331,18209,1217,Sí
2022,10,DURANGO,39,VICENTE GUERRERO,MORENA_RSPD,41,9836,165,330,10331,18209,3251,Sí
