ID_ESTADO,NOMBRE_ESTADO,ID_MUNICIPIO,MUNICIPIO,SECCIONES,CASILLAS,PAN,PRI,PRD,PVEM,PT,MC,PUP,MORENA,NAO,PES,RSP,FXM,PAN_PRI_PRD,PAN_PRI,PAN_PRD,PRI_PRD,PAN_PRI_PRD_NAO,PAN_PRI_PRD_1,PAN_PRI_NAO,PAN_PRD_NAO,PRI_PRD_NAO,PAN_PRI_1,PAN_PRD_1,PAN_NAO,PRI_PRD_1,PRI_NAO,PRD_NAO,PAN_PRI_NAO_1,PAN_PRI_2,PAN_NAO_1,PRI_NAO_1,PAN_PRI_PRD_2,PAN_PRI_3,PAN_PRD_2,PRI_PRD_2,PRI_PRD_NAO_1,PRI_PRD_3,PRI_NAO_2,PRD_NAO_1,PAN_PRD_NAO_1,PAN_PRD_3,PAN_NAO_2,PRD_NAO_2,PAN_PRI_4,PAN_PRD_4,PAN_NAO_3,PRI_PRD_4,PRI_NAO_3,PRD_NAO_3,PT_PVEM,PVEM_NAO,CAND_IND1,CAND_IND2,CAND_IND3,CAND_IND4,CAND_IND5,CAND_IND6,CAND_IND7,CAND_IND8,CAND_IND9,CAND_IND10,CAND_IND11,CAND_IND12,CAND_IND13,CAND_IND14,CAND_IND15,CAND_IND16,CAND_IND17,CAND_IND18,CAND_IND19,CAND_IND20,CAND_IND21,CAND_IND22,CAND_IND23,PT_PVEM_PUP_MORENA,PT_PVEM_PUP,PT_PVEM_MORENA,PT_PUP_MORENA,PVEM_PUP_MORENA,PT_PVEM_1,PT_PUP,PT_MORENA,PVEM_PUP,PVEM_MORENA,PUP_MORENA,NUM_VOTOS_VALIDOS,NUM_VOTOS_CAN_NREG,NUM_VOTOS_NULOS,TOTAL_VOTOS,LISTA_NOMINAL,RUTA_ACTA
20,OAXACA,2,ACATLAN DE PEREZ FIGUEROA,33,65,521,6181,317,71,244,178,0,15151,140,584,0,566,192,56,12,12,0,0,0,0,0,0,0,0,0,0,0,0,0,0,0,0,0,0,0,0,0,0,0,0,0,0,0,0,0,0,0,0,0,0,0,0,0,0,0,0,0,0,0,0,0,0,0,0,0,0,0,0,0,0,0,0,0,0,,,,,,,,,,,,24225,13,489,24727,32526,
20,OAXACA,24,COSOLAPA,10,17,381,5659,181,43,42,82,20,863,17,27,32,20,279,49,6,19,0,0,0,0,0,0,0,0,0,0,0,0,0,0,0,0,0,0,0,0,0,0,0,0,0,0,0,0,0,0,0,0,0,0,0,0,0,0,0,0,0,0,0,0,0,0,0,0,0,0,0,0,0,0,0,0,0,0,,,,,,,,,,,,7720,0,465,8185,10082,
20,OAXACA,167,SAN JOSE INDEPENDENCIA,3,6,7,1187,12,5,9,0,0,1287,2,16,0,0,0,0,0,0,1,9,0,0,0,0,0,0,0,0,0,0,0,0,0,0,0,0,0,0,0,0,0,0,0,0,0,0,0,0,0,0,0,0,0,0,0,0,0,0,0,0,0,0,0,0,0,0,0,0,0,0,0,0,0,0,0,0,,,,,,,,,,,,2535,0,15,2550,3232,
20,OAXACA,170,SAN JOSE TENANGO,16,27,615,3613,443,286,3930,0,433,36,13,6,0,0,0,0,0,0,0,0,0,0,0,0,0,0,0,0,0,0,0,0,0,31,8,4,8,0,0,0,0,0,0,0,0,0,0,0,0,0,0,24,0,0,0,0,0,0,0,0,0,0,0,0,0,0,0,0,0,0,0,0,0,0,0,0,,,,,,,,,,,,9450,0,215,9665,12181,
20,OAXACA,276,SAN MIGUEL SOYALTEPEC,24,57,446,10627,111,0,106,274,0,9191,83,93,266,158,170,228,1,29,0,0,0,0,0,0,0,0,0,0,0,0,0,0,0,0,0,0,0,0,0,0,0,0,0,0,0,0,0,0,0,0,0,0,0,0,0,0,0,0,0,0,0,0,0,0,0,0,0,0,0,0,0,0,0,0,0,0,,,,,,,,,,,,21783,0,266,22049,27931,
20,OAXACA,307,SAN PEDRO IXCATLAN,9,17,87,1510,102,23,23,75,1059,3206,0,111,0,0,43,3,0,1,0,0,0,0,0,0,0,0,0,0,0,0,0,0,0,0,0,0,0,0,0,0,0,0,0,0,0,0,0,0,0,0,0,0,0,0,0,0,0,0,0,0,0,0,0,0,0,0,0,0,0,0,0,0,0,0,0,0,,,,,,,,,,,,6243,0,138,6381,7808,
20,OAXACA,182,SAN JUAN BAUTISTA TUXTEPEC,75,205,1082,9455,231,373,982,10081,827,25699,12362,625,0,4951,0,0,0,0,0,0,0,0,0,0,0,0,0,0,0,0,0,0,0,0,0,0,0,0,0,0,0,0,0,0,0,297,0,0,0,0,0,11,0,0,0,0,0,0,0,0,0,0,0,0,0,0,0,0,0,0,0,0,0,0,0,0,,,,,,,,,,,,66976,8,1543,68527,116540,
20,OAXACA,11,AYOTZINTEPEC,2,8,21,559,70,14,327,0,4,868,83,683,13,22,51,7,2,8,0,0,0,0,0,0,0,0,0,0,0,0,0,0,0,0,0,0,0,0,0,0,0,0,0,0,0,0,0,0,0,0,0,9,0,0,0,0,0,0,0,0,0,0,0,0,0,0,0,0,0,0,0,0,0,0,0,0,,,,,,,,,,,,2741,0,94,2835,4094,
20,OAXACA,44,LOMA BONITA,32,60,762,2975,8086,100,109,86,60,1537,2111,1062,0,221,0,0,0,0,0,0,0,0,0,0,0,0,0,0,0,0,0,0,0,0,0,0,0,0,0,0,0,0,0,0,0,0,0,0,0,102,0,1,0,0,0,0,0,0,0,0,0,0,0,0,0,0,0,0,0,0,0,0,0,0,0,0,,,,,,,,,,,,17212,1,596,17809,29555,
20,OAXACA,131,SAN FELIPE JALAPA DE DIAZ,11,36,158,4942,42,4027,26,62,258,6446,317,31,327,34,0,0,0,0,0,0,0,0,0,0,0,0,0,0,0,0,0,0,0,0,0,0,0,0,0,0,0,0,0,0,0,0,0,0,0,0,0,0,0,0,0,0,0,0,0,0,0,0,0,0,0,0,0,0,0,0,0,0,0,0,0,0,,,,,,,,,,,,16670,0,227,16897,20056,
20,OAXACA,133,SAN FELIPE USILA,5,18,1792,354,59,1492,1,183,1347,2628,5,4,16,0,14,2,1,1,0,0,0,0,0,0,0,0,0,0,0,0,0,0,0,0,0,0,0,0,0,0,0,0,0,0,0,0,0,0,0,0,0,0,0,0,0,0,0,0,0,0,0,0,0,0,0,0,0,0,0,0,0,0,0,0,0,0,,,,,,,,,,,,7899,0,39,7938,9077,
20,OAXACA,164,SAN JOSE CHILTEPEC,6,14,208,928,186,81,20,0,418,976,1671,39,1603,268,72,11,2,3,0,0,0,0,0,0,0,0,0,0,0,0,0,0,0,0,0,0,0,0,0,0,0,0,0,0,0,0,0,0,0,0,0,0,0,0,0,0,0,0,0,0,0,0,0,0,0,0,0,0,0,0,0,0,0,0,0,0,,,,,,,,,,,,6486,0,196,6682,8618,
20,OAXACA,181,SAN JUAN BAUTISTA TLACOATZINTEPEC,1,4,108,519,29,0,4,785,1,156,0,1,0,0,3,1,0,1,0,0,0,0,0,0,0,0,0,0,0,0,0,0,0,0,0,0,0,0,0,0,0,0,0,0,0,0,0,0,0,0,0,0,0,0,0,0,0,0,0,0,0,0,0,0,0,0,0,0,0,0,0,0,0,0,0,0,,,,,,,,,,,,1608,0,13,1621,1800,
20,OAXACA,232,SAN LUCAS OJITLAN,12,32,2932,755,272,54,13,77,0,5345,3551,22,89,4,65,21,2,2,0,0,0,0,0,0,0,0,0,0,0,0,0,0,0,0,0,0,0,0,0,0,0,0,0,0,0,0,0,0,0,0,0,0,0,0,0,0,0,0,0,0,0,0,0,0,0,0,0,0,0,0,0,0,0,0,0,0,,,,,,,,,,,,13204,0,186,13390,16001,
20,OAXACA,418,SANTA MARIA JACATEPEC,6,14,169,544,494,48,11,172,0,269,958,2389,334,2,69,4,5,7,0,0,0,0,0,0,0,0,0,0,0,0,0,0,0,0,0,0,0,0,0,0,0,0,0,0,0,0,0,0,0,0,0,0,0,0,0,0,0,0,0,0,0,0,0,0,0,0,0,0,0,0,0,0,0,0,0,0,,,,,,,,,,,,5475,9,173,5657,7413,
20,OAXACA,38,HUAUTEPEC,4,8,3,1169,8,0,24,20,12,1913,13,19,303,0,3,1,0,3,0,0,0,0,0,0,0,0,0,0,0,0,0,0,0,0,0,0,0,0,0,0,0,0,0,0,0,0,0,0,0,0,0,0,0,0,0,0,0,0,0,0,0,0,0,0,0,0,0,0,0,0,0,0,0,0,0,0,,,,,,,,,,,,3491,0,74,3565,4329,
20,OAXACA,39,HUAUTLA DE JIMENEZ,19,42,357,2258,5030,47,967,264,68,5272,1166,170,0,0,0,0,0,0,0,0,0,0,0,0,0,0,0,0,0,0,0,0,0,0,0,0,0,0,0,0,0,0,0,0,0,0,0,0,0,0,88,0,0,0,0,0,0,0,0,0,0,0,0,0,0,0,0,0,0,0,0,0,0,0,0,0,,,,,,,,,,,,15687,1,503,16191,22172,
20,OAXACA,115,SAN BARTOLOME AYAUTLA,3,5,9,219,8,263,261,5,0,352,688,394,0,98,0,0,0,0,0,0,0,0,0,0,0,0,0,0,0,0,0,0,0,1,1,1,0,0,0,0,0,0,0,0,0,0,0,0,0,0,0,0,0,0,0,0,0,0,0,0,0,0,0,0,0,0,0,0,0,0,0,0,0,0,0,0,,,,,,,,,,,,2300,0,45,2345,2875,
20,OAXACA,175,SAN JUAN BAUTISTA CUICATLAN,13,20,417,2188,126,14,39,0,243,2102,123,23,30,0,0,0,0,0,0,0,0,0,0,0,0,0,0,0,0,0,0,0,0,0,0,0,0,14,12,6,6,0,0,0,0,0,0,0,0,0,0,0,0,0,0,0,0,0,0,0,0,0,0,0,0,0,0,0,0,0,0,0,0,0,0,0,,,,,,,,,,,,5343,1,184,5528,7550,
20,OAXACA,189,SAN JUAN COATZOSPAM,1,3,24,286,35,218,319,2,0,4,0,2,1,337,26,2,0,1,0,0,0,0,0,0,0,0,0,0,0,0,0,0,0,0,0,0,0,0,0,0,0,0,0,0,0,0,0,0,0,0,0,0,0,0,0,0,0,0,0,0,0,0,0,0,0,0,0,0,0,0,0,0,0,0,0,0,,,,,,,,,,,,1257,0,37,1294,1571,
20,OAXACA,432,SANTA MARIA TECOMAVACA,1,3,1,387,3,4,3,0,363,401,3,0,2,0,15,0,0,0,0,0,0,0,0,0,0,0,0,0,0,0,0,0,0,0,0,0,0,0,0,0,0,0,0,0,0,0,0,0,0,0,0,0,0,0,0,0,0,0,0,0,0,0,0,0,0,0,0,0,0,0,0,0,0,0,0,0,,,,,,,,,,,,1182,0,16,1198,1523,
20,OAXACA,435,SANTA MARIA TEOPOXCO,2,6,8,738,18,0,13,0,0,911,16,191,0,0,51,4,0,5,0,0,0,0,0,0,0,0,0,0,0,0,0,0,0,0,0,0,0,0,0,0,0,0,0,0,0,0,0,0,0,0,0,0,0,0,0,0,0,0,0,0,0,0,0,0,0,0,0,0,0,0,0,0,0,0,0,0,,,,,,,,,,,,1955,0,64,2019,3019,
20,OAXACA,437,SANTA MARIA TEXCATITLAN,1,1,3,236,1,0,3,0,0,254,0,1,0,0,3,0,0,0,0,0,0,0,0,0,0,0,0,0,0,0,0,0,0,0,0,0,0,0,0,0,0,0,0,0,0,0,0,0,0,0,0,0,0,0,0,0,0,0,0,0,0,0,0,0,0,0,0,0,0,0,0,0,0,0,0,0,,,,,,,,,,,,501,0,5,506,742,
20,OAXACA,545,TEOTITLAN DE FLORES MAGON,6,14,74,213,187,237,1107,198,319,1207,0,664,217,402,0,0,0,0,0,0,0,0,0,0,0,0,0,0,0,0,0,0,0,0,0,0,0,0,0,0,0,0,0,0,0,0,0,0,0,0,0,0,0,0,0,0,0,0,0,0,0,0,0,0,0,0,0,0,0,0,0,0,0,0,0,0,,,,,,,,,,,,4825,0,137,4962,7439,
20,OAXACA,558,VALERIO TRUJANO,2,2,0,2,3,6,2,0,500,423,23,2,5,0,0,0,0,0,0,0,0,0,0,0,0,0,0,0,0,0,0,0,0,0,0,0,0,0,0,0,0,0,0,0,0,0,0,0,0,0,0,0,0,0,0,0,0,0,0,0,0,0,0,0,0,0,0,0,0,0,0,0,0,0,0,0,,,,,,,,,,,,966,0,31,997,1220,
20,OAXACA,7,ASUNCION NOCHIXTLAN,8,27,1623,585,519,581,1110,962,985,1405,350,42,464,317,0,0,0,0,0,0,0,0,0,0,0,0,0,0,0,0,0,0,0,0,0,0,0,0,0,0,0,0,0,0,0,0,0,0,0,0,0,0,0,0,0,0,0,0,0,0,0,0,0,0,0,0,0,0,0,0,0,0,0,0,0,0,,,,,,,,,,,,8943,4,220,9167,14260,
20,OAXACA,86,SAN ANDRES DINICUITI,3,6,1,383,411,2,8,0,0,271,0,4,11,0,0,0,0,0,0,0,0,0,0,0,0,0,0,0,0,0,0,0,0,0,0,0,0,0,0,0,0,0,0,0,0,3,0,0,0,0,0,0,0,0,0,0,0,0,0,0,0,0,0,0,0,0,0,0,0,0,0,0,0,0,0,0,,,,,,,,,,,,1094,0,41,1135,1755,
20,OAXACA,99,SAN ANDRES ZAUTLA,2,5,12,737,36,8,13,5,0,995,0,13,0,163,21,2,0,5,0,0,0,0,0,0,0,0,0,0,0,0,0,0,0,0,0,0,0,0,0,0,0,0,0,0,0,0,0,0,0,0,0,1,0,0,0,0,0,0,0,0,0,0,0,0,0,0,0,0,0,0,0,0,0,0,0,0,,,,,,,,,,,,2011,3,53,2067,3183,
20,OAXACA,147,SAN FRANCISCO TELIXTLAHUACA,6,17,21,848,4,11,320,1083,492,1210,0,228,2115,470,0,0,0,0,0,0,0,0,0,0,0,0,0,0,0,0,0,0,0,0,0,0,0,0,0,0,0,0,0,0,0,0,0,0,0,0,0,0,0,0,0,0,0,0,0,0,0,0,0,0,0,0,0,0,0,0,0,0,0,0,0,0,,,,,,,,,,,,6802,17,118,6937,9749,
20,OAXACA,292,SAN PABLO HUITZO,5,10,17,95,11,40,518,1022,0,1436,6,12,695,0,0,0,0,0,0,0,0,0,0,0,0,0,0,0,0,0,0,0,0,0,0,0,0,0,0,0,0,0,0,0,0,0,0,0,1,0,0,0,0,0,0,0,0,0,0,0,0,0,0,0,0,0,0,0,0,0,0,0,0,0,0,0,,,,,,,,,,,,3853,2,68,3923,5364,
20,OAXACA,334,SAN PEDRO Y SAN PABLO TEPOSCOLULA,5,9,4,453,14,8,265,227,0,484,7,5,0,0,0,0,0,0,0,0,0,0,0,0,0,0,0,0,0,0,0,0,0,0,0,0,0,0,0,0,0,0,0,0,0,0,0,0,0,0,0,0,0,0,0,0,0,0,0,0,0,0,0,0,0,0,0,0,0,0,0,0,0,0,0,0,,,,,,,,,,,,1467,883,96,2446,3373,
20,OAXACA,457,SANTIAGO CACALOXTEPEC,3,3,397,307,4,4,3,7,0,393,0,14,0,0,5,10,1,0,0,0,0,0,0,0,0,0,0,0,0,0,0,0,0,0,0,0,0,0,0,0,0,0,0,0,0,0,0,0,0,0,0,0,0,0,0,0,0,0,0,0,0,0,0,0,0,0,0,0,0,0,0,0,0,0,0,0,,,,,,,,,,,,1145,0,57,1202,1579,
20,OAXACA,485,SANTIAGO SUCHILQUITONGO,5,12,179,1102,14,10,91,585,0,1670,0,37,1535,0,0,0,0,0,0,0,0,0,0,0,0,0,0,0,0,0,0,0,0,0,0,0,0,0,0,0,0,0,0,0,0,0,0,0,0,0,0,0,0,0,0,0,0,0,0,0,0,0,0,0,0,0,0,0,0,0,0,0,0,0,0,0,,,,,,,,,,,,5223,1,150,5374,7796,
20,OAXACA,539,VILLA DE TAMAZULAPAM DEL PROGRESO,6,14,6,462,13,15,1510,16,400,916,124,13,0,454,0,0,0,0,0,0,0,0,0,0,0,0,0,0,0,0,0,0,0,0,0,0,0,0,0,0,0,0,0,0,0,0,0,0,0,0,0,0,0,262,,,,,,,,,,,,,,,,,,,,,,,,,,,,,,,,,,4191,0,98,4289,5994,
20,OAXACA,543,VILLA TEJUPAM DE LA UNION,3,5,8,58,428,2,82,8,0,786,14,6,0,2,25,0,1,4,0,0,0,0,0,0,0,0,0,0,0,0,0,0,0,0,0,0,0,0,0,0,0,0,0,0,0,0,0,0,0,0,0,0,0,0,0,0,0,0,0,0,0,0,0,0,0,0,0,0,0,0,0,0,0,0,0,0,,,,,,,,,,,,1424,0,29,1453,1913,
20,OAXACA,5,ASUNCION CUYOTEPEJI,1,2,216,6,1,3,0,0,0,72,348,1,0,0,2,2,0,0,0,0,0,0,0,0,0,0,0,0,0,0,0,0,0,0,0,0,0,0,0,0,0,0,0,0,0,0,0,0,0,0,0,0,0,0,0,0,0,0,0,0,0,0,0,0,0,0,0,0,0,0,0,0,0,0,0,0,,,,,,,,,,,,651,0,10,661,864,
20,OAXACA,31,FRESNILLO DE TRUJANO,2,2,2,7,172,0,1,4,0,0,205,4,0,189,0,0,0,0,0,0,0,0,0,0,0,0,0,0,0,0,0,0,0,0,0,0,0,0,0,0,0,0,0,0,0,0,0,0,0,0,0,0,0,0,0,0,0,0,0,0,0,0,0,0,0,0,0,0,0,0,0,0,0,0,0,0,,,,,,,,,,,,584,0,15,599,823,
20,OAXACA,32,GUADALUPE DE RAMIREZ,3,3,17,233,4,3,5,0,0,243,192,10,0,0,4,2,0,1,0,0,0,0,0,0,0,0,0,0,0,0,0,0,0,0,0,0,0,0,0,0,0,0,0,0,0,0,0,0,0,0,0,0,0,0,0,0,0,0,0,0,0,0,0,0,0,0,0,0,0,0,0,0,0,0,0,0,,,,,,,,,,,,714,0,14,728,1109,
20,OAXACA,37,HEROICA CIUDAD DE HUAJUAPAN DE LEON,35,103,6960,3044,298,4954,1988,273,173,6462,2138,122,809,1068,0,0,0,0,0,0,0,0,0,0,0,0,0,0,0,0,0,0,0,0,0,0,0,0,0,0,0,0,0,0,0,413,0,0,0,0,0,0,0,0,0,0,0,0,0,0,0,0,0,0,0,0,0,0,0,0,0,0,0,0,0,0,,,,,,,,,,,,28702,18,795,29515,59733,
20,OAXACA,55,MARISCALA DE JUAREZ,7,8,87,519,8,19,291,0,213,258,382,151,0,3,0,0,0,0,0,0,0,0,0,0,0,0,0,0,0,0,0,0,0,0,0,0,0,0,0,0,0,0,0,0,0,0,0,0,0,0,0,0,0,0,0,0,0,0,0,0,0,0,0,0,0,0,0,0,0,0,0,0,0,0,0,0,,,,,,,,,,,,1931,0,46,1977,2873,
20,OAXACA,157,SAN JERONIMO SILACAYOAPILLA,2,2,20,290,10,0,5,0,0,292,0,12,0,0,5,1,0,1,0,0,0,0,0,0,0,0,0,0,0,0,0,0,0,0,0,0,0,0,0,0,0,0,0,0,0,0,0,0,0,0,0,0,0,0,0,0,0,0,0,0,0,0,0,0,0,0,0,0,0,0,0,0,0,0,0,0,,,,,,,,,,,,636,0,16,652,1181,
20,OAXACA,179,SAN JUAN BAUTISTA SUCHITEPEC,2,2,49,30,0,112,4,0,0,108,0,1,0,0,0,3,0,0,0,0,0,0,0,0,0,0,0,0,0,0,0,0,0,0,0,0,0,0,0,0,0,0,0,0,0,0,0,0,0,0,0,0,0,0,0,0,0,0,0,0,0,0,0,0,0,0,0,0,0,0,0,0,0,0,0,0,,,,,,,,,,,,307,0,7,314,415,
20,OAXACA,200,SAN JUAN IHUALTEPEC,2,2,8,162,2,0,3,0,0,122,0,8,0,0,0,0,0,0,0,0,0,0,0,0,0,0,0,0,0,0,0,0,0,0,0,0,0,0,0,0,0,0,0,0,0,0,0,0,0,0,0,0,0,0,0,0,0,0,0,0,0,0,0,0,0,0,0,0,0,0,0,0,0,0,0,0,,,,,,,,,,,,305,0,8,313,532,
20,OAXACA,237,SAN MARCOS ARTEAGA,3,3,7,11,78,6,5,0,0,317,212,2,0,0,3,0,3,0,0,0,0,0,0,0,0,0,0,0,0,0,0,0,0,0,0,0,0,0,0,0,0,0,0,0,0,0,0,0,0,0,0,0,0,0,0,0,0,0,0,0,0,0,0,0,0,0,0,0,0,0,0,0,0,0,0,0,,,,,,,,,,,,644,0,38,682,1321,
20,OAXACA,245,SAN MARTIN ZACATEPEC,2,3,4,447,130,0,3,0,0,231,0,2,0,0,10,2,0,2,0,0,0,0,0,0,0,0,0,0,0,0,0,0,0,0,0,0,0,0,0,0,0,0,0,0,0,0,0,0,0,0,0,0,0,0,0,0,0,0,0,0,0,0,0,0,0,0,0,0,0,0,0,0,0,0,0,0,,,,,,,,,,,,831,4,10,845,1256,
20,OAXACA,258,SAN MIGUEL AHUEHUETITLAN,2,3,415,206,0,0,10,0,0,344,0,15,0,74,0,0,0,0,0,0,0,0,0,0,0,0,0,0,0,0,0,0,0,0,0,0,0,0,0,0,0,0,0,0,0,0,0,0,0,0,0,0,0,0,0,0,0,0,0,0,0,0,0,0,0,0,0,0,0,0,0,0,0,0,0,0,,,,,,,,,,,,1064,0,27,1091,1736,
20,OAXACA,260,SAN MIGUEL AMATITLAN,9,13,1428,664,62,10,1330,3,4,79,122,10,5,0,0,0,0,0,0,0,0,0,0,0,0,0,0,0,0,0,0,0,0,0,0,0,0,0,0,0,0,0,0,0,0,0,0,0,1,0,0,0,0,0,0,0,0,0,0,0,0,0,0,0,0,0,0,0,0,0,0,0,0,0,0,0,,,,,,,,,,,,3718,0,84,3802,5298,
20,OAXACA,288,SAN NICOLAS HIDALGO,1,2,4,17,188,0,3,0,0,206,0,18,0,144,2,0,0,0,0,0,0,0,0,0,0,0,0,0,0,0,0,0,0,0,0,0,0,0,0,0,0,0,0,0,0,0,0,0,0,0,0,0,0,0,0,0,0,0,0,0,0,0,0,0,0,0,0,0,0,0,0,0,0,0,0,0,,,,,,,,,,,,582,0,3,585,825,
20,OAXACA,382,SANTA CRUZ TACACHE DE MINA,3,5,2,10,84,189,7,470,0,72,2,380,0,147,0,0,0,0,0,0,0,0,0,0,0,0,0,0,0,0,0,0,0,0,0,0,0,0,0,0,0,0,0,0,0,0,0,0,0,0,0,1,0,0,0,0,0,0,0,0,0,0,0,0,0,0,0,0,0,0,0,0,0,0,0,0,,,,,,,,,,,,1364,0,44,1408,2127,
20,OAXACA,456,SANTIAGO AYUQUILILLA,2,4,382,295,0,0,5,0,0,166,0,6,0,0,0,0,0,0,0,0,0,0,0,0,0,0,0,0,0,0,0,0,0,0,0,0,0,0,0,0,0,0,0,0,0,0,0,0,0,0,0,0,0,0,0,0,0,0,0,0,0,0,0,0,0,0,0,0,0,0,0,0,0,0,0,0,,,,,,,,,,,,854,0,46,900,2014,
20,OAXACA,459,VILLA DE SANTIAGO CHAZUMBA,9,10,11,624,21,0,976,0,222,465,0,8,0,0,9,2,0,3,0,0,0,0,0,0,0,0,0,0,0,0,0,0,0,0,0,0,0,0,0,0,0,0,0,0,0,0,0,0,0,0,0,0,0,0,0,0,0,0,0,0,0,0,0,0,0,0,0,0,0,0,0,0,0,0,0,0,,,,,,,,,,,,2341,36,82,2459,3498,
20,OAXACA,463,SANTIAGO HUAJOLOTITLAN,4,8,145,32,6,0,332,16,0,304,606,4,6,764,0,0,0,0,0,0,0,0,0,0,0,0,0,0,0,0,0,0,0,0,0,1,0,0,0,0,0,0,0,0,0,0,0,0,0,0,0,0,0,0,0,0,0,0,0,0,0,0,0,0,0,0,0,0,0,0,0,0,0,0,0,0,,,,,,,,,,,,2216,2,89,2307,3490,
20,OAXACA,486,SANTIAGO TAMAZOLA,6,8,12,659,16,7,167,0,5,1044,0,18,32,0,8,3,0,0,0,0,0,0,0,0,0,0,0,0,0,0,0,0,0,0,0,0,0,0,0,0,0,0,0,0,0,0,0,0,0,0,0,0,0,0,0,0,0,0,0,0,0,0,0,0,0,0,0,0,0,0,0,0,0,0,0,0,,,,,,,,,,,,1971,0,54,2025,3277,
20,OAXACA,520,SANTO DOMINGO TONALA,7,13,11,629,492,19,439,0,975,737,0,14,21,0,0,0,0,0,0,0,0,0,0,0,0,0,0,0,0,0,0,0,0,0,0,0,0,0,0,0,0,0,0,0,0,4,0,0,0,0,0,0,0,0,0,0,0,0,0,0,0,0,0,0,0,0,0,0,0,0,0,0,0,0,0,0,,,,,,,,,,,,3341,0,131,3472,6079,
20,OAXACA,534,SILACAYOAPAM,14,16,43,718,188,19,970,0,0,982,3,11,23,0,35,16,44,20,0,0,0,0,0,0,0,0,0,0,0,0,0,0,0,0,0,0,0,0,0,0,0,0,0,0,0,0,0,0,0,0,0,0,0,0,0,0,0,0,0,0,0,0,0,0,0,0,0,0,0,0,0,0,0,0,0,0,,,,,,,,,,,,3072,0,150,3222,5526,
20,OAXACA,568,ZAPOTITLAN LAGUNAS,3,4,63,22,3,557,10,0,0,156,376,12,198,0,1,1,0,0,0,0,0,0,0,0,0,0,0,0,0,0,0,0,0,0,0,0,0,0,0,0,0,0,0,0,0,0,0,0,0,0,0,0,0,0,0,0,0,0,0,0,0,0,0,0,0,0,0,0,0,0,0,0,0,0,0,0,,,,,,,,,,,,1399,0,60,1459,2246,
20,OAXACA,71,PUTLA VILLA DE GUERRERO,18,43,74,615,135,1662,1879,168,91,2720,732,195,48,732,49,2,2,4,0,0,0,0,0,0,0,0,0,0,0,0,0,0,0,0,0,0,0,0,0,0,0,0,0,0,0,0,0,0,0,0,0,0,0,0,4301,748,,,,,,,,,,,,,,,,,,,,,,,,,,,,,,,,14157,1,592,14750,24608,
20,OAXACA,85,SAN ANDRES CABECERA NUEVA,3,5,6,518,12,13,618,0,0,19,0,3,0,286,0,0,0,0,0,0,0,0,0,0,0,0,0,0,0,0,0,0,0,0,0,0,0,0,0,0,0,0,0,0,0,3,0,0,0,0,0,7,0,0,0,0,0,0,0,0,0,0,0,0,0,0,0,0,0,0,0,0,0,0,0,0,,,,,,,,,,,,1485,0,56,1541,2076,
20,OAXACA,184,SAN JUAN CACAHUATEPEC,7,12,59,1287,131,6,94,71,14,1481,0,15,0,0,149,10,0,9,0,0,0,0,0,0,0,0,0,0,0,0,0,0,0,0,0,0,0,0,0,0,0,0,0,0,0,0,0,0,0,0,0,0,0,,,,1420,,,,,,,,,,,,,,,,,,,,,,,,,,,,,,,4746,0,85,4831,6696,
20,OAXACA,298,SAN PEDRO AMUZGOS,3,9,6,1146,1440,5,5,0,0,1058,0,11,0,0,0,0,0,0,0,0,0,0,0,0,0,0,0,0,0,0,0,0,0,0,0,0,0,0,0,0,0,0,0,0,0,1,0,0,0,0,0,0,0,0,0,0,0,0,0,0,0,0,0,0,0,0,0,0,0,0,0,0,0,0,0,0,,,,,,,,,,,,3672,0,62,3734,4983,
20,OAXACA,378,SANTA CRUZ ITUNDUJIA,8,16,42,1649,98,25,1804,0,0,1801,0,36,0,19,42,2,0,7,0,0,0,0,0,0,0,0,0,0,0,0,0,0,0,0,0,0,0,0,0,0,0,0,0,0,0,0,0,0,0,0,0,0,0,0,0,0,0,0,0,0,0,0,0,0,0,0,0,0,0,0,0,0,0,0,0,0,,,,,,,,,,,,5525,2,162,5689,7983,
20,OAXACA,416,SANTA MARIA IPALAPA,3,8,21,75,881,876,12,13,35,657,0,14,0,0,26,0,4,6,0,0,0,0,0,0,0,0,0,0,0,0,0,0,0,0,0,0,0,0,0,0,0,0,0,0,0,0,0,0,0,0,0,0,0,0,0,0,0,0,0,0,0,0,0,0,0,0,0,0,0,0,0,0,0,0,0,0,,,,,,,,,,,,2620,0,111,2731,3755,
20,OAXACA,448,SANTA MARIA ZACATEPEC,10,21,44,3065,156,0,376,50,84,3284,0,96,0,53,62,4,2,12,0,0,0,0,0,0,0,0,0,0,0,0,0,0,0,0,0,0,0,0,0,0,0,0,0,0,0,0,0,0,0,0,0,0,0,0,0,0,0,0,0,0,0,0,0,0,0,0,0,0,0,0,0,0,0,0,0,0,,,,,,,,,,,,7288,2,237,7527,12278,
20,OAXACA,470,SANTIAGO JUXTLAHUACA,18,46,85,3094,154,227,1694,883,0,4527,0,109,0,1172,80,7,4,10,0,0,0,0,0,0,0,0,0,0,0,0,0,0,0,0,0,0,0,0,0,0,0,0,0,0,0,0,0,0,0,0,0,0,0,,,,,1913,,,,,,,,,,,,,,,,,,,,,,,,,,,,,,13959,1,552,14512,23626,
20,OAXACA,16,CHALCATONGO DE HIDALGO,7,14,11,68,590,27,954,0,464,1165,673,30,0,32,9,1,2,3,0,0,0,0,0,0,0,0,0,0,0,0,0,0,0,0,0,0,0,0,0,0,0,0,0,0,0,0,0,0,0,0,0,0,0,0,0,0,0,0,0,0,0,0,0,0,0,0,0,0,0,0,0,0,0,0,0,0,,,,,,,,,,,,4029,5,212,4246,6605,
20,OAXACA,78,SAN AGUSTIN ATENANGO,2,3,9,287,53,0,22,0,0,380,0,21,0,0,6,1,1,6,0,0,0,0,0,0,0,0,0,0,0,0,0,0,0,0,0,0,0,0,0,0,0,0,0,0,0,0,0,0,0,0,0,0,0,0,0,0,0,0,0,0,0,0,0,0,0,0,0,0,0,0,0,0,0,0,0,0,,,,,,,,,,,,786,0,48,834,1582,
20,OAXACA,549,HEROICA VILLA TEZOATLAN DE SEGURA Y LUNA CUNA DE LA INDEPENDENCIA DE OAXACA,13,20,178,800,111,681,725,29,0,871,377,46,156,331,0,0,0,0,0,0,0,0,0,0,0,0,0,0,0,0,0,0,0,0,0,0,0,0,0,0,0,0,0,0,0,0,6,0,0,0,0,0,0,0,0,0,0,0,0,0,0,0,0,0,0,0,0,0,0,0,0,0,0,0,0,0,,,,,,,,,,,,4311,2,203,4516,9347,
20,OAXACA,553,HEROICA CIUDAD DE TLAXIACO,20,60,247,2935,174,1734,850,195,634,2627,190,4569,0,1621,0,0,0,0,22,54,3,0,2,11,1,1,9,9,0,0,0,0,0,0,0,0,0,0,0,0,0,0,0,0,0,0,0,0,0,0,0,0,0,,,,,,3507,,,,,,,,,,,,,,,,,,,,,,,,,,,,,19395,6,493,19894,31664,
20,OAXACA,183,SAN JUAN BAUTISTA VALLE NACIONAL,15,35,145,798,200,2665,963,560,1073,1718,2535,812,0,281,0,0,0,0,0,0,0,0,0,0,0,0,0,0,0,0,0,0,0,0,0,0,0,0,0,0,0,0,0,0,0,0,0,0,0,0,0,0,0,0,0,0,0,0,0,0,0,0,0,0,0,0,0,0,0,0,0,0,0,0,0,0,,,,,,,,,,,,11750,0,390,12140,17710,
20,OAXACA,560,VILLA DE ETLA,4,14,39,1447,12,920,86,200,45,1626,317,24,147,208,0,0,0,0,0,0,0,0,0,0,0,0,0,0,0,0,0,0,0,0,0,0,0,0,0,0,0,0,0,0,0,0,2,0,0,0,0,0,0,0,0,0,0,0,0,0,0,0,0,0,0,0,0,0,0,0,0,0,0,0,0,0,,,,,,,,,,,,5073,2,113,5188,8417,
20,OAXACA,12,EL BARRIO DE LA SOLEDAD,10,22,107,2236,26,21,34,0,0,3391,11,46,0,150,63,21,0,3,0,0,0,0,0,0,0,0,0,0,0,0,0,0,0,0,0,0,0,0,0,0,0,0,0,0,0,0,0,0,0,0,0,0,0,0,0,0,0,0,0,0,0,0,0,0,0,0,0,0,0,0,0,0,0,0,0,0,,,,,,,,,,,,6109,0,119,6228,10408,
20,OAXACA,15,CHAHUITES,7,15,4,7,20,2816,339,,,1776,,33,,,,,,,,,,,,,,,,,,,,,,0,0,0,0,,,,,,,,,,,,,,,,,,,,,,,,,,,,,,,,,,,,,,,,,,,,,,,,,,,4995,0,62,5057,8357,
20,OAXACA,57,MATIAS ROMERO AVENDAÃ‘O,25,58,2768,2564,0,603,3140,258,83,6181,89,161,142,627,0,0,0,0,0,0,0,0,0,0,0,0,0,0,0,0,0,0,0,0,0,0,0,0,0,0,0,0,0,0,0,0,0,0,0,0,0,0,0,0,0,0,0,0,0,0,0,0,0,0,0,0,0,0,0,0,0,0,0,0,0,0,,,,,,,,,,,,16616,5,387,17008,29683,
20,OAXACA,72,REFORMA DE PINEDA,2,4,0,545,3,670,122,147,,142,,1,,,,,,,,,,,,,,,,,,,,,,0,0,0,0,,,,,,,,,,,,,,,,,,,,,,,,,,,,,,,,,,,,,,,,,,,,,,,,,,,1630,0,20,1650,2308,
20,OAXACA,199,SAN JUAN GUICHICOVI,23,52,25,452,8496,25,135,261,0,3732,0,100,1694,776,0,0,0,0,0,0,0,0,0,0,0,0,0,0,0,0,0,0,0,0,0,0,0,0,0,0,0,0,0,0,0,0,0,0,0,0,0,0,0,0,0,0,0,0,0,0,0,0,0,0,0,0,0,0,0,0,0,0,0,0,0,0,,,,,,,,,,,,15696,556,379,16631,22973,
20,OAXACA,325,SAN PEDRO TAPANATEPEC,9,21,1867,70,24,0,35,0,0,4336,0,43,78,0,0,0,0,0,0,0,0,0,0,0,0,0,0,0,0,0,0,0,0,0,0,0,0,0,0,0,0,0,0,0,0,0,0,0,0,0,0,0,0,0,0,0,0,0,0,0,0,0,0,0,0,0,0,0,0,0,0,0,0,0,0,0,,,,,,,,,,,,6453,1,168,6622,10493,
20,OAXACA,427,SANTA MARIA PETAPA,10,21,58,2198,72,154,170,34,0,5315,25,68,0,0,32,5,0,1,0,0,0,0,0,0,0,0,0,0,0,0,0,0,0,0,0,0,0,0,0,0,0,0,0,0,0,0,0,0,0,0,0,0,1,0,0,0,0,0,0,0,0,0,0,0,0,0,0,0,0,0,0,0,0,0,0,0,,,,,,,,,,,,8133,1,157,8291,11875,
20,OAXACA,481,SANTIAGO NILTEPEC,7,10,20,1137,45,9,334,0,0,1598,0,4,35,0,21,3,0,3,0,0,0,0,0,0,0,0,0,0,0,0,0,0,0,0,0,0,0,0,0,0,0,0,0,0,0,0,0,0,0,0,0,3,0,,,,,,,250,,,,,,,,,,,,,,,,,,,,,,,,,,,,3462,0,62,3524,4411,
20,OAXACA,509,SANTO DOMINGO INGENIO,5,12,13,945,11,19,187,0,0,426,1206,16,15,1957,33,24,0,3,0,0,0,0,0,0,0,0,0,0,0,0,0,0,0,0,0,0,0,0,0,0,0,0,0,0,0,0,0,0,0,0,0,0,0,0,0,0,0,0,0,0,0,0,0,0,0,0,0,0,0,0,0,0,0,0,0,0,,,,,,,,,,,,4855,0,198,5053,6673,
20,OAXACA,525,SANTO DOMINGO ZANATEPEC,9,18,25,1302,72,14,222,580,0,3029,959,20,32,11,56,6,0,9,0,0,0,0,0,0,0,0,0,0,0,0,0,0,0,0,0,0,0,0,0,0,0,0,0,0,0,0,0,0,0,0,0,0,0,0,0,0,0,0,0,0,0,0,0,0,0,0,0,0,0,0,0,0,0,0,0,0,,,,,,,,,,,,6337,0,113,6450,9183,
20,OAXACA,376,SANTA CRUZ AMILPAS,4,15,112,143,17,15,166,84,461,1583,17,53,1505,133,17,1,0,0,0,0,0,0,0,0,0,0,0,0,0,0,0,0,0,0,0,0,0,0,0,0,0,0,0,0,0,0,0,0,0,0,0,1,0,,,,,,,,1599,,,,,,,,,,,,,,,,,,,,,,,,,,,5907,4,122,6033,9673,
20,OAXACA,392,SANTA LUCIA DEL CAMINO,23,66,1406,3480,151,86,4016,3895,475,6390,477,315,98,1754,0,0,0,0,0,0,0,0,0,0,0,0,0,0,0,0,0,0,0,0,0,0,0,0,0,0,0,0,0,0,0,0,0,0,17,0,0,11,0,0,0,0,0,0,0,0,0,0,0,0,0,0,0,0,0,0,0,0,0,0,0,0,,,,,,,,,,,,22571,8,628,23207,40249,
20,OAXACA,537,SOLEDAD ETLA,3,8,27,32,522,396,536,12,254,451,8,767,83,16,0,0,0,0,0,0,0,0,0,0,0,0,0,0,0,0,0,0,0,0,0,0,0,0,0,0,0,0,0,0,0,1,0,0,0,0,0,0,0,0,0,0,0,0,0,0,0,0,0,0,0,0,0,0,0,0,0,0,0,0,0,0,,,,,,,,,,,,3105,0,109,3214,4681,
20,OAXACA,154,SAN JACINTO AMILPAS,5,18,131,516,986,978,1169,42,136,1290,367,195,273,556,0,0,0,0,0,0,0,0,0,0,0,0,0,0,0,0,0,0,0,0,0,0,0,0,0,0,0,0,0,0,0,0,0,0,0,0,0,0,0,0,0,0,0,0,0,0,0,0,0,0,0,0,0,0,0,0,0,0,0,0,0,0,,,,,,,,,,,,6639,4,112,6755,11540,
20,OAXACA,66,OAXACA DE JUAREZ,157,392,7564,30488,903,1357,2797,2221,831,60030,2106,1613,905,3028,0,0,0,0,0,0,0,0,0,0,0,0,0,0,0,0,0,0,0,816,218,8,29,0,0,0,0,0,0,0,0,0,0,0,0,0,0,37,0,0,0,0,0,0,0,0,0,0,0,0,0,0,0,0,0,0,0,0,0,0,0,0,,,,,,,,,,,,114951,72,2866,117889,227565,
20,OAXACA,26,CUILAPAM DE GUERRERO,7,29,1112,935,77,827,325,3788,416,2207,27,168,1719,477,0,0,0,0,0,0,0,0,0,0,0,0,0,0,0,0,0,0,0,0,0,0,0,0,0,0,0,0,0,0,0,0,0,0,7,0,0,0,0,0,0,0,0,0,0,0,0,0,0,0,0,0,0,0,0,0,0,0,0,0,0,0,,,,,,,,,,,,12085,2,279,12366,17930,
20,OAXACA,386,SANTA CRUZ XOXOCOTLAN,20,108,2794,7181,2575,290,1085,902,573,13299,4161,337,,,,,,,1211,368,105,98,42,222,87,41,93,80,45,,,,,,,,,,,,,,,,,,,0,,,,,,,,,,,,,,,,,,,,,,,,,,,,,487,17,86,82,80,15,14,232,20,61,107,36790,5,1274,38069,70855,
20,OAXACA,566,VILLA DE ZAACHILA,7,46,1821,1092,868,834,2790,253,1621,3284,835,1564,193,212,0,0,0,0,0,0,0,0,0,0,0,0,0,0,0,0,0,0,0,0,0,0,0,0,0,0,0,0,0,0,0,0,0,0,0,0,0,0,0,,,,,,,,,343,588,1222,,,,,,,,,,,,,,,,,,,,,,,,17520,5,477,18002,30415,
20,OAXACA,8,ASUNCION OCOTLAN,3,5,57,15,6,347,123,0,0,139,250,10,0,519,0,0,0,0,0,0,0,0,0,0,0,0,0,0,0,0,0,0,0,0,0,0,0,0,0,0,0,0,0,0,0,0,0,0,0,0,0,0,0,0,0,0,0,0,0,0,0,0,0,0,0,0,0,0,0,0,0,0,0,0,0,0,,,,,,,,,,,,1466,0,83,1549,2520,
20,OAXACA,17,CIENEGA DE ZIMATLAN,2,4,23,671,76,11,534,0,0,375,0,4,16,0,14,4,0,6,0,0,0,0,0,0,0,0,0,0,0,0,0,0,0,0,0,0,0,0,0,0,0,0,0,0,0,0,0,0,0,0,0,0,0,0,0,0,0,0,0,0,0,0,0,0,0,0,0,0,0,0,0,0,0,0,0,0,,,,,,,,,,,,1734,1,49,1784,2505,
20,OAXACA,67,OCOTLAN DE MORELOS,15,32,443,254,74,2438,1541,726,0,2321,65,59,106,2419,11,4,2,1,0,0,0,0,0,0,0,0,0,0,0,0,0,0,0,0,0,0,0,0,0,0,0,0,0,0,0,0,0,0,0,0,0,0,0,0,0,0,0,0,0,0,0,0,0,0,0,0,0,0,0,0,0,0,0,0,0,0,,,,,,,,,,,,10464,7,454,10925,17576,
20,OAXACA,100,SAN ANTONINO CASTILLO VELASCO,4,9,13,854,16,13,869,0,0,450,0,3,9,342,13,6,0,1,0,0,0,0,0,0,0,0,0,0,0,0,0,0,0,0,0,0,0,0,0,0,0,0,0,0,0,0,0,0,0,0,0,0,0,0,0,0,0,0,0,0,0,0,0,0,0,0,0,0,0,0,0,0,0,0,0,0,,,,,,,,,,,,2589,0,97,2686,4395,
20,OAXACA,293,SAN PABLO HUIXTEPEC,6,13,177,930,0,1588,808,0,306,480,0,19,0,16,0,0,0,0,0,0,0,0,0,0,0,0,0,0,0,0,0,0,0,0,0,0,0,0,0,0,0,0,0,0,0,0,0,0,0,0,0,0,0,,,,,,,,,,,,1324,,,,,,,,,,,,,,,,,,,,,,,5648,2,190,5840,7729,
20,OAXACA,360,SANTA ANA ZEGACHE,2,5,411,21,12,903,518,0,0,116,5,20,6,0,0,0,0,0,0,0,0,0,0,0,0,0,0,0,0,0,0,0,0,0,0,0,0,0,0,0,0,0,0,0,0,0,0,0,0,0,0,0,0,0,0,0,0,0,0,0,0,0,0,0,0,0,0,0,0,0,0,0,0,0,0,0,,,,,,,,,,,,2012,1,91,2104,3030,
20,OAXACA,388,SANTA GERTRUDIS,3,5,12,560,8,13,351,0,0,782,0,6,27,0,12,5,0,4,0,0,0,0,0,0,0,0,0,0,0,0,0,0,0,0,0,0,0,0,0,0,0,0,0,0,0,0,0,0,0,0,0,0,0,0,0,0,0,0,0,0,0,0,0,0,0,0,0,0,0,0,0,0,0,0,0,0,,,,,,,,,,,,1780,1,42,1823,2484,
20,OAXACA,555,TRINIDAD ZAACHILA,2,5,5,20,885,289,173,0,6,229,0,6,12,5,0,0,0,0,0,0,0,0,0,0,0,0,0,0,0,0,0,0,0,0,0,0,0,0,0,0,0,0,0,0,0,0,0,0,0,0,0,0,0,0,0,0,0,0,0,0,0,0,0,0,0,0,0,0,0,0,0,0,0,0,0,0,,,,,,,,,,,,1630,0,81,1711,2507,
20,OAXACA,570,ZIMATLAN DE ALVAREZ,14,29,2580,495,152,2326,1758,0,63,1629,0,524,0,763,60,21,12,1,0,0,0,0,0,0,0,0,0,0,0,0,0,0,0,0,0,0,0,0,0,0,0,0,0,0,0,0,0,0,0,0,0,0,0,0,0,0,0,0,0,0,0,0,0,0,0,0,0,0,0,0,0,0,0,0,0,0,,,,,,,,,,,,10384,3,335,10722,16256,
20,OAXACA,109,SAN BALTAZAR CHICHICAPAM,2,4,8,421,20,0,1105,0,0,170,0,8,14,0,2,0,0,0,0,0,0,0,0,0,0,0,0,0,0,0,0,0,0,0,0,0,0,0,0,0,0,0,0,0,0,0,0,0,0,0,0,0,0,0,0,0,0,0,0,0,0,0,0,0,0,0,0,0,0,0,0,0,0,0,0,0,,,,,,,,,,,,1748,8,70,1826,2259,
20,OAXACA,296,SAN PABLO VILLA DE MITLA,8,17,2835,1163,21,,112,,,654,444,20,,,,,,,,,,,,,,,,,,,,,,,,,,,,,,,,,,,,109,21,,,,,,,,,,,,,,,,,,,,,,,,,,,,,,,,,,,,,,,5379,4,143,5526,9695,
20,OAXACA,550,TLACOLULA DE MATAMOROS,10,36,628,2005,190,0,3680,1522,826,1758,79,75,0,409,0,0,0,0,0,0,0,0,0,0,0,0,0,0,0,46,41,1,4,0,0,0,0,0,0,0,0,0,0,0,0,0,0,0,0,0,0,0,0,0,0,0,0,0,0,0,0,0,0,0,0,0,0,0,0,0,0,0,0,0,0,0,,,,,,,,,,,,11264,5,294,11563,21070,
20,OAXACA,51,MAGDALENA TEQUISISTLAN,6,11,10,284,83,729,309,37,504,806,3,4,9,394,0,0,0,0,0,0,0,0,0,0,0,0,0,0,0,0,0,0,0,6,0,0,1,0,0,0,0,0,0,0,0,0,0,0,0,0,0,0,0,,,,,,,,,,,,,1150,,,,,,,,,,,,,,,,,,,,,,4329,0,137,4466,5530,
20,OAXACA,52,MAGDALENA TLACOTEPEC,1,2,0,2,0,354,254,0,369,4,22,0,0,0,0,0,0,0,0,0,0,0,0,0,0,0,0,0,0,0,0,0,0,0,0,0,0,0,0,0,0,0,0,0,0,0,0,0,0,0,0,0,0,0,0,0,0,0,0,0,0,0,0,0,0,0,0,0,0,0,0,0,0,0,0,0,,,,,,,,,,,,1005,0,21,1026,1185,
20,OAXACA,305,SAN PEDRO HUAMELULA,7,15,11,1100,11,94,301,96,6,1135,6,1517,986,141,21,4,0,1,0,0,0,0,0,0,0,0,0,0,0,0,0,0,0,0,0,0,0,0,0,0,0,0,0,0,0,0,0,0,0,0,0,0,0,0,0,0,0,0,0,0,0,0,0,0,0,0,0,0,0,0,0,0,0,0,0,0,,,,,,,,,,,,5430,0,212,5642,7546,
20,OAXACA,419,SANTA MARIA JALAPA DEL MARQUES,7,17,5,2038,17,1199,236,16,48,1795,3,249,148,0,5,2,0,4,0,0,0,0,0,0,0,0,0,0,0,0,0,0,0,0,0,0,0,0,0,0,0,0,0,0,0,0,0,0,0,0,0,0,0,,,,,,,,,,,,,,1069,,,,,,,,,,,,,,,,,,,,,6834,0,187,7021,9481,
20,OAXACA,422,SANTA MARIA MIXTEQUILLA,3,6,6,25,40,933,603,17,,720,,208,,,,,,,,,,,,,,,,,,,,,,,,,,,,,,,,,,,,,1,,,,,,,,,,,,,,,,,,,,,,,,,,,,,,,,,,,,,,,2553,0,35,2588,3570,
20,OAXACA,473,SANTIAGO LAOLLAGA,3,6,1,2,,,,,,1315,,4,,,,,,,,,,,,,,,,,,,,,,,,,,,,,,,,,,2,,,,,,,,,,,,,,,,,,,,,,,,,,,,,,,,,,,,,,,,,,1324,0,6,1330,2881,
20,OAXACA,507,SANTO DOMINGO CHIHUITAN,1,2,0,451,0,0,2,0,0,130,3,97,3,329,0,0,0,0,0,0,0,0,0,0,0,0,0,0,0,0,0,0,0,0,0,0,0,0,0,0,0,0,0,0,0,0,0,0,0,0,0,0,0,0,0,0,0,0,0,0,0,0,0,0,0,0,0,0,0,0,0,0,0,0,0,0,,,,,,,,,,,,1015,0,23,1038,1352,
20,OAXACA,513,SANTO DOMINGO PETAPA,9,14,1,1873,7,622,72,0,0,2604,2,6,0,147,8,0,0,0,0,0,0,0,0,0,0,0,0,0,0,0,0,0,0,0,0,0,0,0,0,0,0,0,0,0,0,0,0,0,0,0,0,0,0,0,0,0,0,0,0,0,0,0,0,0,0,0,0,0,0,0,0,0,0,0,0,0,,,,,,,,,,,,5342,0,28,5370,6790,
20,OAXACA,515,SANTO DOMINGO TEHUANTEPEC,30,90,1405,2170,1004,2955,4126,462,940,14060,148,200,710,1690,0,0,0,0,0,0,0,0,0,0,0,0,0,0,0,0,0,0,0,0,0,0,0,0,0,0,0,0,0,0,0,0,0,0,0,0,4,0,0,0,0,0,0,0,0,0,0,0,0,0,0,0,0,0,0,0,0,0,0,0,0,0,,,,,,,,,,,,29874,811,1015,31700,50248,
20,OAXACA,6,ASUNCION IXTALTEPEC,14,26,42,3794,48,36,691,0,0,3874,4,40,135,176,0,0,0,0,9,51,0,1,2,11,1,1,8,2,0,0,0,0,0,0,0,0,0,0,0,0,0,0,0,0,0,0,0,0,0,0,0,6,0,0,0,0,0,0,0,0,0,0,0,0,0,0,0,0,0,0,0,0,0,0,0,0,,,,,,,,,,,,8932,0,179,9111,12223,
20,OAXACA,41,CIUDAD IXTEPEC,18,43,106,3587,68,64,2944,160,143,5732,81,43,66,479,70,13,2,5,0,0,0,0,0,0,0,0,0,0,0,0,0,0,0,0,0,0,0,0,0,0,0,0,0,0,0,0,0,0,0,0,0,0,0,,,,,,,,,,,,,,,743,,,,,,,,,,,,,,,,,,,,14306,8,348,14662,22476,
20,OAXACA,76,SALINA CRUZ,43,112,729,9548,322,1461,849,1559,4968,13462,449,254,221,1189,423,183,32,122,0,0,0,0,0,0,0,0,0,0,0,0,0,0,0,0,0,0,0,0,0,0,0,0,0,0,0,0,0,0,0,0,0,0,0,0,0,0,0,0,0,0,0,0,0,0,0,0,0,0,0,0,0,0,0,0,0,0,,,,,,,,,,,,35771,4,774,36549,66216,
20,OAXACA,121,SAN BLAS ATEMPA,8,25,88,4651,267,41,362,23,262,5530,32,72,205,35,67,9,3,14,0,0,0,0,0,0,0,0,0,0,0,0,0,0,0,0,0,0,0,0,0,0,0,0,0,0,0,0,0,0,0,0,0,0,0,0,0,0,0,0,0,0,0,0,0,0,0,0,0,0,0,0,0,0,0,0,0,0,,,,,,,,,,,,11661,6,146,11813,15012,
20,OAXACA,303,SAN PEDRO COMITANCILLO,2,6,4,106,45,270,33,0,0,460,3,108,6,653,8,1,0,0,0,0,0,0,0,0,0,0,0,0,0,0,0,0,0,0,0,0,0,0,0,0,0,0,0,0,0,0,0,0,0,0,0,0,0,,,,,,,,,,,,,,,,917,,,,,,,,,,,,,,,,,,,2614,0,61,2675,3699,
20,OAXACA,306,SAN PEDRO HUILOTEPEC,1,4,21,442,1,0,611,320,0,55,0,272,6,2,0,0,0,0,0,0,0,0,0,0,0,0,0,0,0,0,0,0,0,0,0,0,0,0,0,0,0,0,0,0,0,0,0,0,0,0,0,0,0,0,0,0,0,0,0,0,0,0,0,0,0,0,0,0,0,0,0,0,0,0,0,0,,,,,,,,,,,,1730,1,41,1772,2416,
20,OAXACA,442,SANTA MARIA XADANI,4,11,18,28,4,1809,83,20,10,1250,1373,9,,,,,,,,,,,,,,,,,,,,,,0,0,0,0,,,,,,,,,,,,,,,,,,,,,,,,,,,,,,,,,,,,,,,,,,,,,,,,,,,4604,0,44,4648,6748,
20,OAXACA,30,EL ESPINAL,7,14,102,791,268,394,94,27,44,1492,0,1494,10,716,55,7,1,4,0,0,0,0,0,0,0,0,0,0,0,0,0,0,0,0,0,0,0,0,0,0,0,0,0,0,0,0,0,0,0,0,0,0,0,0,0,0,0,0,0,0,0,0,0,0,0,0,0,0,0,0,0,0,0,0,0,0,,,,,,,,,,,,5499,1,120,5620,7034,
20,OAXACA,43,HEROICA CIUDAD DE JUCHITAN DE ZARAGOZA,50,130,179,5290,809,0,17276,859,135,15798,528,5939,1392,540,92,9,2,19,0,0,0,0,0,0,0,0,0,0,0,0,0,0,0,0,0,0,0,0,0,0,0,0,0,0,0,0,0,0,0,0,0,0,0,0,0,0,0,0,0,0,0,0,0,0,0,0,0,0,0,0,0,0,0,0,0,0,,,,,,,,,,,,48867,7,974,49848,74374,
20,OAXACA,127,SAN DIONISIO DEL MAR,3,7,2,840,165,6,13,32,3,273,3,42,923,565,3,0,0,1,0,0,0,0,0,0,0,0,0,0,0,0,0,0,0,0,0,0,0,0,0,0,0,0,0,0,0,0,0,0,0,0,0,0,0,0,0,0,0,0,0,0,0,0,0,0,0,0,0,0,0,0,0,0,0,0,0,0,,,,,,,,,,,,2871,0,85,2956,4122,
20,OAXACA,138,SAN FRANCISCO DEL MAR,5,12,1,1270,6,25,907,4,1426,0,2,14,1651,0,1,0,0,1,0,0,0,0,0,0,0,0,0,0,0,0,0,0,0,0,0,0,0,0,0,0,0,0,0,0,0,0,0,0,0,0,0,5,0,0,0,0,0,0,0,0,0,0,0,0,0,0,0,0,0,0,0,0,0,0,0,0,,,,,,,,,,,,5313,0,40,5353,6491,
20,OAXACA,140,SAN FRANCISCO IXHUATAN,8,16,25,670,7,0,84,19,0,1771,552,4,0,0,0,0,0,0,0,0,0,0,0,0,0,0,0,0,0,0,0,0,0,0,0,0,0,0,0,0,0,0,0,0,0,1,0,0,0,0,0,0,0,,,,,,,,,,,,,,,,,2670,,,,,,,,,,,,,,,,,,5803,0,137,5940,7526,
20,OAXACA,557,UNION HIDALGO,11,22,169,2180,19,133,155,2045,18,3265,515,164,0,105,0,0,0,0,0,0,0,0,0,0,0,0,0,0,0,0,0,0,0,0,0,0,0,0,0,0,0,0,0,0,0,0,0,0,1,0,0,0,0,0,0,0,0,0,0,0,0,0,0,0,0,0,0,0,0,0,0,0,0,0,0,0,,,,,,,,,,,,8769,0,169,8938,11503,
20,OAXACA,28,HEROICA CIUDAD DE EJUTLA DE CRESPO,19,32,4649,330,38,4462,71,0,0,1541,31,93,101,0,64,46,8,1,0,0,0,0,0,0,0,0,0,0,0,0,0,0,0,0,0,0,0,0,0,0,0,0,0,0,0,0,0,0,0,0,0,0,0,0,0,0,0,0,0,0,0,0,0,0,0,0,0,0,0,0,0,0,0,0,0,0,,,,,,,,,,,,11435,1,416,11852,17437,
20,OAXACA,48,MAGDALENA OCOTLAN,1,2,6,305,387,2,3,0,0,0,3,0,0,0,0,0,0,0,0,0,0,0,0,0,0,0,0,0,0,0,0,0,0,0,0,0,0,0,0,0,0,0,0,0,0,3,0,0,0,0,0,0,0,0,0,0,0,0,0,0,0,0,0,0,0,0,0,0,0,0,0,0,0,0,0,0,,,,,,,,,,,,709,0,19,728,859,
20,OAXACA,77,SAN AGUSTIN AMATENGO,2,2,111,176,27,0,233,0,242,149,5,2,23,0,8,8,0,0,0,0,0,0,0,0,0,0,0,0,0,0,0,0,0,0,0,0,0,0,0,0,0,0,0,0,0,0,0,0,0,0,0,0,0,0,0,0,0,0,0,0,0,0,0,0,0,0,0,0,0,0,0,0,0,0,0,0,,,,,,,,,,,,984,0,37,1021,1294,
20,OAXACA,536,VILLA SOLA DE VEGA,10,18,358,370,69,1041,33,17,0,316,61,385,39,665,86,13,3,1,0,0,0,0,0,0,0,0,0,0,0,0,0,0,0,0,0,0,0,0,0,0,0,0,0,0,0,0,0,0,0,0,0,0,0,0,0,,,,,,,,,,,,,,,,1093,,,,,,,,,,,,,,,,,4550,2,249,4801,8605,
20,OAXACA,56,MARTIRES DE TACUBAYA,1,3,1,276,2,0,2,169,0,197,0,5,0,268,8,0,0,2,0,0,0,0,0,0,0,0,0,0,0,0,0,0,0,0,0,0,0,0,0,0,0,0,0,0,0,0,0,0,0,0,0,0,0,0,0,0,0,0,0,0,0,0,0,0,0,0,0,0,0,0,0,0,0,0,0,0,,,,,,,,,,,,930,0,16,946,1145,
20,OAXACA,69,PINOTEPA DE DON LUIS,5,9,5,1421,22,11,1243,0,0,781,7,21,0,10,6,1,0,3,0,0,0,0,0,0,0,0,0,0,0,0,0,0,0,0,0,0,0,0,0,0,0,0,0,0,0,0,0,0,0,0,0,3,0,0,0,0,0,0,0,0,0,0,0,0,0,0,0,0,0,0,0,0,0,0,0,0,,,,,,,,,,,,3534,0,65,3599,4751,
20,OAXACA,87,SAN ANDRES HUAXPALTEPEC,3,8,4,691,16,537,1164,0,380,261,20,4,0,103,0,0,0,0,0,0,0,0,0,0,0,0,0,0,0,0,0,0,0,0,0,0,0,0,0,0,0,0,0,0,0,5,0,0,0,0,0,0,0,0,0,0,0,0,0,0,0,0,0,0,0,0,0,0,0,0,0,0,0,0,0,0,,,,,,,,,,,,3185,0,100,3285,4563,
20,OAXACA,166,SAN JOSE ESTANCIA GRANDE,1,2,1,7,7,230,0,0,0,92,204,0,0,68,0,0,0,0,0,0,0,0,0,0,0,0,0,0,0,0,0,0,0,0,0,0,0,0,0,0,0,0,0,0,0,0,0,0,0,0,0,0,0,0,0,0,0,0,0,0,0,0,0,0,0,0,0,0,0,0,0,0,0,0,0,0,,,,,,,,,,,,609,0,18,627,788,
20,OAXACA,178,SAN JUAN BAUTISTA LO DE SOTO,2,4,4,1,5,4,202,11,365,346,1,8,0,411,0,0,0,0,0,0,0,0,0,0,0,0,0,0,0,0,0,0,0,0,0,0,0,0,0,0,0,0,0,0,0,0,0,0,0,0,0,0,0,0,0,0,0,0,0,0,0,0,0,0,0,0,0,0,0,0,0,0,0,0,0,0,,,,,,,,,,,,1358,0,43,1401,1884,
20,OAXACA,190,SAN JUAN COLORADO,5,13,1453,587,1099,43,8,0,0,272,1653,12,49,9,0,0,0,0,0,0,0,0,0,0,0,0,0,0,0,0,0,0,0,0,0,0,0,0,0,0,0,0,0,0,0,0,0,0,0,0,0,0,0,0,0,0,0,0,0,0,0,0,0,0,0,0,0,0,0,0,0,0,0,0,0,0,,,,,,,,,,,,5185,1,129,5315,6727,
20,OAXACA,225,SAN LORENZO,3,7,1191,6,17,6,341,0,14,771,708,20,0,116,11,2,3,0,0,0,0,0,0,0,0,0,0,0,0,0,0,0,0,0,0,0,0,0,0,0,0,0,0,0,0,0,0,0,0,0,0,1,0,0,0,0,0,0,0,0,0,0,0,0,0,0,0,0,0,0,0,0,0,0,0,0,,,,,,,,,,,,3207,0,79,3286,4109,
20,OAXACA,283,SAN MIGUEL TLACAMAMA,2,6,13,951,30,8,10,0,6,370,0,20,643,4,28,1,0,12,0,0,0,0,0,0,0,0,0,0,0,0,0,0,0,0,0,0,0,0,0,0,0,0,0,0,0,0,0,0,0,0,0,0,0,0,0,0,0,0,0,0,0,0,0,0,0,0,0,0,0,0,0,0,0,0,0,0,,,,,,,,,,,,2096,2,60,2158,2726,
20,OAXACA,300,SAN PEDRO ATOYAC,4,7,9,30,382,359,567,0,0,258,816,13,12,0,9,0,1,3,0,0,0,0,0,0,0,0,0,0,0,0,0,0,0,0,0,0,0,0,0,0,0,0,0,0,0,0,0,0,0,0,0,0,0,0,0,0,0,0,0,0,0,0,0,0,0,0,0,0,0,0,0,0,0,0,0,0,,,,,,,,,,,,2459,0,50,2509,3204,
20,OAXACA,310,SAN PEDRO JICAYAN,7,15,19,779,1362,29,35,0,10,1196,1311,30,821,73,0,0,0,0,0,0,0,0,0,0,0,0,0,0,0,0,0,0,0,0,0,0,0,0,0,0,0,0,0,0,0,1,0,0,0,0,0,0,0,0,0,0,0,0,0,0,0,0,0,0,0,0,0,0,0,0,0,0,0,0,0,0,,,,,,,,,,,,5666,0,155,5821,7889,
20,OAXACA,342,SAN SEBASTIAN IXCAPA,4,7,5,1126,53,5,103,21,6,950,0,6,149,0,24,2,0,4,0,0,0,0,0,0,0,0,0,0,0,0,0,0,0,0,0,0,0,0,0,0,0,0,0,0,0,0,0,0,0,0,0,0,0,0,0,0,0,0,0,0,0,0,0,0,0,0,0,0,0,0,0,0,0,0,0,0,,,,,,,,,,,,2454,1,55,2510,3187,
20,OAXACA,407,SANTA MARIA CORTIJO,1,2,12,35,232,2,3,19,0,2,0,1,0,107,17,0,1,3,0,0,0,0,0,0,0,0,0,0,0,0,0,0,0,0,0,0,0,0,0,0,0,0,0,0,0,0,0,0,0,0,0,0,0,0,0,0,0,0,0,0,0,0,0,0,0,0,0,0,0,0,0,0,0,0,0,0,,,,,,,,,,,,434,287,32,753,953,
20,OAXACA,415,SANTA MARIA HUAZOLOTITLAN,5,16,16,1252,941,1146,814,0,17,834,173,25,0,478,0,0,0,0,0,0,0,0,0,0,0,0,0,0,0,0,0,0,0,0,0,0,0,0,0,0,0,0,0,0,0,0,0,0,0,0,0,0,0,0,0,0,0,0,0,0,0,0,0,0,0,0,0,0,0,0,0,0,0,0,0,0,,,,,,,,,,,,5696,1,171,5868,8439,
20,OAXACA,468,SANTIAGO JAMILTEPEC,13,25,37,5522,92,0,120,0,0,5003,0,118,0,0,17,13,1,13,0,0,0,0,0,0,0,0,0,0,0,0,0,0,0,0,0,0,0,0,0,0,0,0,0,0,0,0,0,0,0,0,0,0,0,0,0,0,0,0,0,0,0,0,0,0,0,0,0,0,0,0,0,0,0,0,0,0,,,,,,,,,,,,10936,0,158,11094,14173,
20,OAXACA,475,SANTIAGO LLANO GRANDE,3,5,4,948,9,6,5,0,0,1106,0,11,0,4,13,0,0,1,0,0,0,0,0,0,0,0,0,0,0,0,0,0,0,0,0,0,0,0,0,0,0,0,0,0,0,0,0,0,0,0,0,0,0,0,0,0,0,0,0,0,0,0,0,0,0,0,0,0,0,0,0,0,0,0,0,0,,,,,,,,,,,,2107,0,37,2144,2797,
20,OAXACA,484,SANTIAGO PINOTEPA NACIONAL,24,69,245,5585,7383,207,132,750,595,8674,103,142,259,418,0,0,0,0,0,0,0,0,0,0,0,0,0,0,0,0,0,0,0,0,0,0,0,0,0,0,0,0,0,0,0,0,0,0,0,0,0,0,0,0,0,0,0,0,0,0,0,0,0,0,0,0,0,0,0,0,0,0,0,0,0,0,,,,,,,,,,,,24493,3,587,25083,39709,
20,OAXACA,487,SANTIAGO TAPEXTLA,2,6,11,144,15,0,13,0,0,140,129,509,0,543,8,2,0,3,0,0,0,0,0,0,0,0,0,0,0,0,0,0,0,0,0,0,0,0,0,0,0,0,0,0,0,0,0,0,0,0,0,0,0,0,0,0,0,0,0,0,0,0,0,0,0,0,0,0,0,0,0,0,0,0,0,0,,,,,,,,,,,,1517,0,56,1573,2293,
20,OAXACA,506,SANTO DOMINGO ARMENTA,2,5,28,466,483,235,3,0,2,134,88,188,6,0,0,0,0,0,0,0,0,0,0,0,0,0,0,0,0,0,0,0,0,0,0,0,0,0,0,0,0,0,0,0,0,0,0,0,0,0,0,0,0,0,0,0,0,0,0,0,0,0,0,0,0,0,0,0,0,0,0,0,0,0,0,0,,,,,,,,,,,,1633,0,64,1697,2406,
20,OAXACA,316,SAN PEDRO MIXTEPEC,13,61,714,6295,143,362,97,315,56,10347,125,117,674,58,0,0,0,0,0,0,0,0,0,0,0,0,0,0,0,0,0,0,0,0,0,0,0,0,0,0,0,0,0,0,0,0,0,0,69,0,0,0,0,0,0,0,0,0,0,0,0,0,0,0,0,0,0,0,0,0,0,0,0,0,0,0,,,,,,,,,,,,19372,1,517,19890,37599,
20,OAXACA,332,VILLA DE TUTUTEPEC DE MELCHOR OCAMPO,21,61,116,6391,245,0,2069,195,2784,6694,1010,134,0,149,135,25,2,12,0,0,0,0,0,0,0,0,0,0,0,0,0,0,0,0,0,0,0,0,0,0,0,0,0,0,0,0,0,0,0,0,0,0,0,0,0,0,0,0,0,0,0,0,0,0,0,0,0,0,0,0,0,0,0,0,0,0,,,,,,,,,,,,19961,2,527,20490,35196,
20,OAXACA,364,SANTA CATARINA JUQUILA,7,25,987,1294,684,27,1733,0,0,2214,0,106,0,363,0,0,0,0,0,0,0,0,0,0,0,0,0,0,0,0,0,0,0,0,0,0,0,0,0,0,0,0,0,0,0,0,107,0,0,0,0,0,0,,,,,,,,,,,,,,,,,,,1244,,,,,,,,,,,,,,,,8759,0,286,9045,12579,
20,OAXACA,490,SANTIAGO TETEPEC,3,8,101,671,0,235,244,0,0,1001,231,16,0,0,0,0,0,0,0,0,0,0,0,0,0,0,0,0,0,0,0,0,0,0,0,0,0,0,0,0,0,0,0,0,0,20,0,0,0,0,0,0,0,0,0,0,0,0,0,0,0,0,0,0,0,0,0,0,0,0,0,0,0,0,0,0,,,,,,,,,,,,2519,0,55,2574,3451,
20,OAXACA,59,MIAHUATLAN DE PORFIRIO DIAZ,22,63,503,3596,231,188,440,87,5456,2660,4600,109,0,144,0,0,0,0,0,0,0,0,0,0,0,0,0,0,0,0,0,0,0,0,0,0,0,0,0,0,0,0,0,0,0,0,0,136,32,0,0,0,0,,,,,,,,,,,,,,,,,,,,622,608,,,,,,,,,,,,,,19412,4,728,20144,35347,
20,OAXACA,252,SAN MATEO RIO HONDO,4,6,257,140,21,8,11,0,19,640,264,16,0,0,16,24,4,1,0,0,0,0,0,0,0,0,0,0,0,0,0,0,0,0,0,0,0,0,0,0,0,0,0,0,0,0,0,0,0,0,0,0,0,,,,,,,,,,,,,,,,,,,,,,337,,,,,,,,,,,,,1758,0,84,1842,2550,
20,OAXACA,322,SAN PEDRO POCHUTLA,18,61,168,604,2139,4094,465,1018,353,5553,5015,232,0,808,0,0,0,0,0,0,0,0,0,0,0,0,0,0,0,0,0,0,0,119,10,16,20,0,0,0,0,0,0,0,0,0,0,0,0,0,0,0,0,0,0,0,0,0,0,0,0,0,0,0,0,0,0,0,0,0,0,0,0,0,0,0,,,,,,,,,,,,20614,8,707,21329,35235,
20,OAXACA,414,SANTA MARIA HUATULCO,14,58,525,1333,3634,82,472,166,596,7235,1282,159,171,3484,0,0,0,0,66,62,5,13,18,10,15,5,33,12,12,0,0,0,0,0,0,0,0,0,0,0,0,0,0,0,0,0,0,0,0,0,0,1,0,,,,,,,,,,,,,,,,,,,,,,,568,,,,,,,,,,,,19959,22,542,20523,36418,
20,OAXACA,440,SANTA MARIA TONAMECA,10,34,1607,1477,202,2076,478,0,2101,3021,341,38,165,782,130,50,13,8,0,0,0,0,0,0,0,0,0,0,0,0,0,0,0,0,0,0,0,0,0,0,0,0,0,0,0,0,0,0,0,0,0,0,0,0,0,0,0,0,0,0,0,0,0,0,0,0,0,0,0,0,0,0,0,0,0,0,,,,,,,,,,,,12489,0,395,12884,19471,
