ID_ESTADO,NOMBRE_ESTADO,ID_MUNICIPIO,MUNICIPIO,SECCIONES,CASILLAS,PAN,PRI,PRD,PT,PVEM,MC,PCPP,PSI,MORENA,NAP,PES,RSP,FXM,PT_MORENA,PAN_PRI_PRD_PCPP_PSI_NAP,PAN_PRI_PRD_PCPP_PSI,PAN_PRI_PRD_PCPP_NAP,PAN_PRI_PRD_PSI_NAP,PAN_PRI_PCPP_PSI_NAP,PAN_PRD_PCPP_PSI_NAP,PRI_PRD_PCPP_PSI_NAP,PAN_PRI_PRD_PCPP,PAN_PRI_PRD_PSI,PAN_PRI_PRD_NAP,PAN_PRI_PCPP_PSI,PAN_PRI_PCPP_NAP,PAN_PRI_PSI_NAP,PAN_PRD_PCPP_PSI,PAN_PRD_PCPP_NAP,PAN_PRD_PSI_NAP,PAN_PCPP_PSI_NAP,PRI_PRD_PCPP_PSI,PRI_PRD_PCPP_NAP,PRI_PRD_PSI_NAP,PRI_PCPP_PSI_NAP,PRD_PCPP_PSI_NAP,PAN_PRI_PRD,PAN_PRI_PCPP,PAN_PRI_PSI,PAN_PRI_NAP,PAN_PRD_PCPP,PAN_PRD_PSI,PAN_PRD_NAP,PAN_PCPP_PSI,PAN_PCPP_NAP,PAN_PSI_NAP,PRI_PRD_PCPP,PRI_PRD_PSI,PRI_PRD_NAP,PRI_PCPP_PSI,PRI_PCPP_NAP,PRI_PSI_NAP,PRD_PCPP_PSI,PRD_PCPP_NAP,PRD_PSI_NAP,PT_PCPP_MORENA,PT_PCPP_NAP,PT_PSI_MORENA,PT_MORENA_NAP,PCPP_PSI_NAP,PAN_PRI,PAN_PRD,PAN_PCPP,PAN_PSI,PAN_NAP,PRI_PRD,PRI_PCPP,PRI_PSI,PRI_NAP,PRD_PCPP,PRD_PSI,PRD_NAP,PT_PVEM,PT_PCPP,PT_PSI,PT_NAP,PVEM_PCPP,PVEM_PSI,PVEM_NAP,MC_PSI,PCPP_PSI,PCPP_MORENA,PCPP_NAP,PSI_MORENA,PSI_NAP,MORENA_NAP,CAND_IND1,CAND_IND2,CAND_IND3,CAND_IND4,CAND_IND5,CAND_IND6,CAND_IND7,CAND_IND8,CAND_IND9,CAND_IND10,CAND_IND11,NUM_VOTOS_VALIDOS,NUM_VOTOS_CAN_NREG,NUM_VOTOS_NULOS,TOTAL_VOTOS,LISTA_NOMINAL,RUTA_ACTA
21,PUEBLA,65,FRANCISCO Z. MENA,9,24,3004,881,64,56,917,622,10,0,1843,31,634,0,708,0,0,0,0,0,0,0,0,0,0,0,0,0,0,0,0,0,0,0,0,0,0,0,0,0,0,0,0,0,0,0,0,0,0,0,0,0,0,0,0,0,0,0,0,0,0,0,0,60,0,0,0,0,0,0,0,0,0,0,0,0,0,0,0,0,0,0,0,0,0,0,0,0,,,,,,,,,,,,8830,1,229,9060,12883,
21,PUEBLA,58,HONEY,3,9,978,1325,7,6,1437,5,1,5,70,17,0,0,0,0,0,0,0,0,0,0,0,0,0,0,0,0,0,0,0,0,0,0,0,0,0,0,0,0,0,0,0,0,0,0,0,0,0,0,0,0,0,0,0,0,0,0,0,0,0,0,0,0,0,0,0,0,6,0,0,0,0,0,0,0,0,0,0,0,0,0,0,0,0,0,0,0,,,,,,,,,,,,3857,0,126,3983,5360,
21,PUEBLA,88,JALPAN,6,17,41,1759,10,527,104,41,15,1101,0,17,1889,853,0,0,0,0,0,0,0,0,0,0,0,0,0,0,0,0,0,0,0,0,0,0,0,0,0,0,0,0,0,0,0,0,0,0,0,0,0,0,0,0,0,0,0,0,0,0,0,0,0,0,0,0,0,0,0,0,0,0,0,0,0,1,0,0,0,0,0,0,0,0,0,0,0,0,,,,,,,,,,,,6358,4,258,6620,9548,
21,PUEBLA,101,NAUPAN,5,13,1310,1786,351,179,15,69,0,0,1630,62,73,0,0,0,0,0,0,0,0,0,0,0,0,0,0,0,0,0,0,0,0,0,0,0,0,0,0,0,0,0,0,0,0,0,0,0,0,0,0,0,0,0,0,0,0,0,0,0,0,0,0,0,0,0,0,0,0,0,0,0,0,0,0,0,0,0,0,0,0,0,0,0,0,0,0,0,,,,,,,,,,,,5475,0,216,5691,7008,
21,PUEBLA,110,PAHUATLAN,14,28,835,290,852,71,635,1668,0,0,277,91,1620,0,133,5,0,0,0,0,0,0,0,0,0,0,0,0,0,0,0,0,0,0,0,0,0,0,0,0,0,0,0,0,0,0,0,0,0,0,0,0,0,0,0,0,0,0,0,0,0,0,0,210,0,0,0,0,0,0,0,0,0,0,0,0,0,0,0,0,0,0,0,0,0,0,0,0,,,3211,,,,,,,,,9898,2,462,10362,14764,
21,PUEBLA,112,PANTEPEC,10,28,241,1251,34,156,66,4332,0,196,5091,259,103,0,0,18,0,0,0,0,0,0,0,0,0,0,0,0,0,0,0,0,0,0,0,0,0,0,0,0,0,0,0,0,0,0,0,0,0,0,0,0,0,0,0,0,0,0,0,0,0,0,0,0,0,0,0,0,0,0,0,0,0,0,0,0,0,0,0,0,0,0,0,0,0,0,0,0,,,,,,,,,,,,11747,18,347,12112,14670,
21,PUEBLA,178,TLACUILOTEPEC,10,24,31,4921,108,2584,26,20,5,43,808,0,47,0,0,0,0,0,0,0,0,0,0,0,0,0,0,0,0,0,0,0,0,0,0,0,0,0,0,0,0,0,0,0,0,0,0,0,0,0,0,0,0,0,0,0,0,0,0,0,0,0,0,0,0,0,0,0,0,0,0,0,0,0,0,4,0,0,0,0,0,0,0,0,0,0,0,0,,,,,,,,,,,,8597,0,270,8867,12092,
21,PUEBLA,187,TLAXCO,4,9,388,9,3,0,1688,5,0,19,1277,0,14,0,0,0,0,0,0,0,0,0,0,0,0,0,0,0,0,0,0,0,0,0,0,0,0,0,21,0,0,0,0,0,0,0,0,0,0,0,0,0,0,0,0,0,0,0,0,0,0,0,0,7,0,0,0,0,0,0,0,0,0,0,0,0,0,0,0,0,0,0,0,0,0,0,0,0,,,,,,,,,,,,3431,0,45,3476,3985,
21,PUEBLA,194,VENUSTIANO CARRANZA,16,41,1684,3111,81,624,37,142,0,188,5069,18,836,0,0,286,0,0,0,0,0,0,0,0,0,0,0,0,0,0,0,0,0,0,0,0,0,0,0,0,0,0,0,0,0,0,0,0,0,0,0,0,0,0,0,0,0,0,0,0,0,0,0,0,0,0,0,79,0,0,0,0,0,0,0,0,0,0,0,0,0,0,0,0,0,0,0,0,,,,,,,,,,,,12155,3,421,12579,20725,
21,PUEBLA,197,XICOTEPEC,29,100,1973,10269,222,624,439,264,0,577,5882,256,0,0,0,148,0,0,0,0,0,0,0,0,0,0,0,0,0,0,0,0,0,0,0,0,0,0,279,0,0,0,0,0,0,0,0,0,0,0,0,0,0,0,0,0,0,0,0,0,0,0,196,14,0,0,0,30,0,0,0,0,0,0,0,0,0,0,0,0,0,0,0,0,0,0,0,0,12638,,,,,,,,,,,33811,7,1542,35360,58144,
21,PUEBLA,6,AHUACATLAN,7,19,24,3672,155,0,20,65,0,87,4428,117,80,0,0,0,0,0,0,0,0,0,0,0,0,0,0,0,0,0,0,0,0,0,0,0,0,0,0,0,0,0,0,0,0,0,0,0,0,0,0,0,0,0,0,0,0,0,0,0,0,0,0,0,0,0,0,96,0,0,0,0,0,0,0,0,0,0,0,0,0,0,0,0,0,0,0,0,,,,,,,,,,,,8744,0,264,9008,10935,
21,PUEBLA,14,AMIXTLAN,3,8,2,181,441,69,16,1250,0,56,601,19,0,0,78,12,0,0,0,0,0,0,0,0,0,0,0,0,0,0,0,0,0,0,0,0,0,0,0,0,0,0,0,0,0,0,0,0,0,0,0,0,0,0,0,0,0,0,0,19,0,0,0,0,0,0,0,194,0,0,0,0,0,0,0,0,9,0,0,0,0,0,0,0,0,5,0,0,,,,,,,,,,,,2952,0,90,3042,3768,
21,PUEBLA,28,CAMOCUAUTLA,2,4,4,450,1,38,0,353,0,0,688,3,92,145,0,0,0,0,0,0,0,0,0,0,0,0,0,0,0,0,0,0,0,0,0,0,0,0,0,0,0,0,0,0,0,0,0,0,0,0,0,0,0,0,0,0,0,0,0,0,0,0,0,0,0,0,0,0,0,0,0,0,0,0,0,0,0,0,0,0,0,0,0,0,0,0,0,0,,,,,,,,,,,,1774,0,24,1798,2075,
21,PUEBLA,50,CHICONCUAUTLA,7,20,1011,2465,96,1201,24,620,0,857,101,831,74,0,67,0,0,0,0,0,0,0,0,0,0,0,0,0,0,0,0,0,0,0,0,0,0,0,0,0,0,0,0,0,0,0,0,0,0,0,0,0,0,0,0,0,0,0,0,0,0,0,0,0,0,0,0,63,0,0,0,0,0,0,0,0,0,0,0,0,0,0,0,0,0,0,0,0,,,,,,,,,,,,7410,1,404,7815,11400,
21,PUEBLA,31,COATEPEC,1,1,0,65,0,4,68,0,0,2,183,0,233,0,2,0,0,0,0,0,0,0,0,0,0,0,0,0,0,0,0,0,0,0,0,0,0,0,0,0,0,0,0,0,0,0,0,0,0,0,0,0,0,0,0,0,0,0,0,1,0,0,0,0,0,0,0,0,0,0,0,0,0,0,0,0,0,0,0,0,0,0,0,0,0,0,0,0,,,,,,,,,,,,558,0,11,569,722,
21,PUEBLA,69,HERMENEGILDO GALEANA,4,10,1794,1647,13,12,34,118,0,0,508,19,0,59,0,0,0,0,0,0,0,0,0,0,0,0,0,0,0,0,0,0,0,0,0,0,0,0,0,0,0,0,0,0,0,0,0,0,0,0,0,0,0,0,0,0,0,0,0,0,0,0,0,0,0,0,0,61,0,0,0,0,0,0,1,0,0,0,0,0,0,0,0,0,0,0,0,0,,,,,,,,,,,,4266,0,104,4370,5457,
21,PUEBLA,72,HUAUCHINANGO,37,123,2870,5756,4055,886,1487,5405,4151,511,6169,10297,473,1873,363,54,0,0,0,0,0,0,0,0,0,0,0,0,0,0,0,0,0,0,0,0,0,0,0,0,0,0,0,0,0,0,0,0,0,0,0,0,0,0,0,0,0,0,0,74,0,0,0,0,0,0,0,0,0,0,0,0,0,0,0,0,14,0,0,0,0,0,0,0,0,32,0,0,,,,,,,,,,,,44470,80,2838,47388,75382,
21,PUEBLA,91,JOPALA,7,17,1378,324,1664,550,17,2720,0,0,422,0,0,47,0,0,0,0,0,0,0,0,0,0,0,0,0,0,0,0,0,0,0,0,0,0,0,0,0,0,0,0,0,0,0,0,0,0,0,0,0,0,0,0,0,0,0,0,0,0,0,0,0,0,0,0,0,0,0,0,0,0,0,0,0,0,0,0,0,0,0,0,0,0,0,0,0,0,,,,,,,,,,,,7122,0,227,7349,9602,
21,PUEBLA,93,JUAN GALINDO,5,11,53,1421,125,682,258,288,0,4,711,27,6,71,670,0,0,0,0,0,0,0,0,0,0,0,0,0,0,0,0,0,0,0,0,0,0,0,0,0,0,0,0,0,0,0,0,0,0,0,0,0,0,0,0,0,0,0,0,0,0,0,0,0,0,0,0,0,0,0,0,0,0,0,0,0,0,0,0,0,0,0,0,0,0,0,0,13,,,,,,,,,,,,4329,0,126,4455,6036,
21,PUEBLA,124,SAN FELIPE TEPATLAN,3,6,10,1098,30,0,1370,3,0,2,3,5,1,1,0,0,0,0,0,0,0,0,0,0,0,0,0,0,0,0,0,0,0,0,0,0,0,0,41,0,0,0,0,0,0,0,0,0,0,0,0,0,0,0,0,0,0,0,0,0,0,0,4,1,0,0,0,7,0,0,0,0,0,0,0,0,0,0,0,0,0,0,0,0,0,0,0,0,,,,,,,,,,,,2576,1,63,2640,3067,
21,PUEBLA,161,TEPANGO DE RODRIGUEZ,2,6,271,43,2,45,5,599,150,1264,64,6,0,0,0,0,0,0,0,0,0,0,0,0,0,0,0,0,0,0,0,0,0,0,0,0,0,0,0,0,0,0,0,0,0,0,0,0,0,0,0,0,0,0,0,0,0,0,0,0,0,0,0,0,0,0,0,0,0,0,0,0,0,0,0,0,0,0,0,0,0,0,0,0,0,0,0,0,,,,,,,,,,,,2449,0,84,2533,3090,
21,PUEBLA,183,TLAOLA,9,27,5551,4353,91,171,26,77,0,0,551,22,49,48,107,41,0,0,0,0,0,0,0,0,0,0,0,0,0,0,0,0,0,0,0,0,0,0,0,0,0,0,0,0,0,0,0,0,0,0,0,0,0,0,0,0,0,0,0,0,0,0,0,0,0,0,0,54,0,0,0,0,0,0,0,0,0,0,0,0,0,0,0,0,0,0,0,0,,,,,,,,,,,,11141,0,572,11713,15071,
21,PUEBLA,184,TLAPACOYA,5,10,1899,14,49,2,3,20,0,17,2133,22,0,35,0,0,0,0,0,0,0,0,0,0,0,0,0,0,0,0,0,0,0,0,0,0,0,0,0,0,0,0,0,2,0,0,0,0,0,0,0,0,0,0,0,0,0,0,0,0,0,0,0,3,0,0,0,0,0,0,0,0,0,0,0,0,0,0,0,0,0,0,0,0,0,0,0,7,,,,,,,,,,,,4206,0,65,4271,5095,
21,PUEBLA,213,ZIHUATEUTLA,7,20,1427,90,23,80,0,3811,0,72,1986,59,37,0,19,7,0,0,0,0,0,0,0,0,0,0,0,0,0,0,0,0,0,0,0,0,0,0,41,0,0,0,0,0,0,0,0,0,0,0,0,0,0,0,0,0,0,0,0,0,6,0,14,10,0,0,0,3,0,0,0,0,0,0,0,0,0,1,0,0,0,0,0,0,0,0,0,10,,,,,,,,,,,,7696,2,246,7944,10148,
21,PUEBLA,8,AHUAZOTEPEC,4,14,430,1194,11,1235,659,12,0,127,351,480,8,7,394,0,0,0,0,0,0,0,0,0,0,0,0,0,0,0,0,0,0,0,0,0,0,0,0,0,0,0,0,0,0,0,0,0,0,0,0,0,0,0,0,0,0,0,0,0,0,0,0,0,0,0,0,7,0,0,0,0,0,0,0,0,0,0,0,0,0,0,0,0,0,0,0,0,,,,,,,,,,,,4915,2,179,5096,7975,
21,PUEBLA,16,AQUIXTLA,5,10,267,599,28,36,31,52,0,56,2997,352,0,102,30,0,0,0,0,0,0,0,0,0,0,0,0,0,0,0,0,0,0,0,0,0,0,0,0,0,0,0,0,0,0,0,0,0,0,0,0,0,0,0,0,0,0,0,0,0,0,0,0,0,0,0,0,0,0,0,0,0,0,0,0,0,0,0,0,0,0,0,0,0,0,0,0,0,,,,,,,,,,,,4550,1,138,4689,6251,
21,PUEBLA,54,CHIGNAHUAPAN,29,79,992,13233,378,964,4508,247,150,419,5859,476,250,348,924,249,57,4,6,11,2,1,3,6,6,12,0,1,1,0,1,0,0,0,0,1,0,0,122,3,3,11,0,0,1,0,1,1,1,1,3,0,0,1,0,0,0,0,0,0,0,0,164,6,2,1,4,26,16,25,40,0,6,2,0,0,0,0,0,0,0,0,1,0,1,0,0,0,,,,,,,,,,,,29551,16,1239,30806,46517,
21,PUEBLA,85,IXTACAMAXTITLAN,15,38,49,5551,72,367,5650,57,6,123,1658,385,36,0,0,29,0,0,0,0,0,0,0,0,0,0,0,0,0,0,0,0,0,0,0,0,0,0,0,0,0,0,0,0,0,0,0,0,0,0,0,0,0,0,0,0,0,0,0,31,0,0,0,0,0,0,0,55,0,0,0,0,0,0,0,0,17,0,0,0,0,0,0,0,0,12,0,0,,,,,,,,,,,,14098,0,413,14511,18488,
21,PUEBLA,96,LIBRES,11,40,1971,1005,68,205,288,3458,25,1161,3673,1829,940,103,674,120,0,0,0,0,0,0,0,0,0,0,0,0,0,0,0,0,0,0,0,0,0,0,330,0,0,0,0,0,0,0,0,0,0,0,0,0,0,0,0,0,0,0,0,0,0,0,147,20,0,0,0,5,0,0,0,0,0,0,0,0,0,0,0,0,0,0,0,0,0,0,0,0,,,,,,,,,,,,16022,6,460,16488,25150,
21,PUEBLA,106,OCOTEPEC,3,7,89,408,5,0,477,276,62,522,235,606,24,0,0,0,0,0,0,0,0,0,0,0,0,0,0,0,0,0,0,0,0,0,0,0,0,0,0,0,0,0,0,0,0,0,0,0,0,0,0,0,0,0,0,0,0,0,0,0,0,0,0,0,0,0,0,1,0,0,0,0,0,0,0,0,0,0,0,0,0,0,0,0,0,0,0,0,,,,,,,,,,,,2705,0,88,2793,3770,
21,PUEBLA,208,ZACATLAN,30,106,2949,8537,592,725,1398,226,66,179,8526,284,754,3242,4807,142,0,0,0,0,0,0,11,0,0,0,0,0,0,0,0,0,0,4,3,2,0,0,0,0,0,0,0,0,0,0,0,0,2,1,1,0,0,0,0,0,0,0,0,0,0,0,0,0,0,0,0,40,7,8,11,0,1,1,0,0,0,0,0,0,0,0,6,0,1,0,1,0,,,,,,,,,,,,32527,23,1611,34161,62623,
21,PUEBLA,82,ATLEQUIZAYAN,2,4,2,964,8,0,0,17,0,0,582,0,0,0,0,0,0,0,0,0,0,0,0,0,0,0,0,0,0,0,0,0,0,0,0,0,0,0,0,0,0,0,0,0,0,0,0,0,0,0,0,0,0,0,0,0,0,0,0,0,0,0,0,0,0,0,0,0,0,0,0,0,0,0,0,0,0,0,0,0,0,0,0,0,0,0,0,0,,,,,,,,,,,,1573,0,45,1618,1994,
21,PUEBLA,30,CAXHUACAN,2,5,17,370,92,117,597,66,143,35,546,283,92,0,0,0,0,0,0,0,0,0,0,0,0,0,0,0,0,0,0,0,0,0,0,0,0,0,0,0,0,0,0,0,0,0,0,0,0,0,0,0,0,0,0,0,0,0,0,0,0,0,0,22,0,0,0,0,0,0,0,0,0,0,0,0,0,0,0,0,0,0,0,0,0,0,0,0,,,,,,,,,,,,2380,0,56,2436,2952,
21,PUEBLA,40,CUAUTEMPAN,4,14,49,447,24,1145,610,80,1132,156,1052,233,0,0,542,14,0,0,0,0,0,0,0,0,0,0,0,0,0,0,0,0,0,0,0,0,0,0,1,0,0,0,0,0,0,0,0,0,0,0,0,0,0,0,0,0,0,0,0,39,0,0,1,0,0,0,0,0,0,0,0,0,0,0,0,0,8,0,0,0,0,0,0,0,0,2,0,0,,,,,,,,,,,,5535,0,190,5725,7287,
21,PUEBLA,73,HUEHUETLA,9,21,1494,6037,91,88,20,18,0,108,1257,14,0,0,0,0,0,0,0,0,0,0,0,0,0,0,0,0,0,0,0,0,0,0,0,0,0,0,0,0,0,0,0,0,0,0,0,0,0,0,0,0,0,0,0,0,0,0,0,0,0,0,0,115,0,0,0,0,0,0,0,0,0,0,0,0,0,0,0,0,0,0,0,0,0,0,0,0,,,,,,,,,,,,9242,0,175,9417,11914,
21,PUEBLA,79,HUEYTLALPAN,3,8,36,1513,9,280,0,168,544,31,347,0,20,0,419,13,0,0,0,0,0,0,0,0,0,0,0,0,0,0,0,0,0,0,0,0,0,0,0,0,0,0,0,0,0,0,0,0,0,0,0,0,0,0,0,0,0,0,0,14,0,0,11,0,0,0,0,0,0,0,0,0,0,0,0,0,2,0,0,0,0,0,0,0,0,1,0,0,,,,,,,,,,,,3408,0,141,3549,4454,
21,PUEBLA,80,HUITZILAN DE SERDAN,5,18,46,3543,28,204,0,28,15,175,2632,47,0,0,44,0,0,0,0,0,0,0,0,0,0,0,0,0,0,0,0,0,0,0,0,0,0,0,0,0,0,0,0,0,0,0,0,0,0,0,0,0,0,0,0,0,0,0,0,0,0,0,22,0,0,0,0,0,0,0,0,0,0,0,0,3,0,0,0,0,0,0,0,0,0,0,0,10,,,,,,,,,,,,6797,0,250,7047,10242,
21,PUEBLA,86,IXTEPEC,3,8,184,884,715,91,522,1488,42,9,114,0,11,8,3,0,0,0,0,0,0,0,0,0,0,0,0,0,0,0,0,0,0,0,0,0,0,0,0,0,0,0,0,0,0,0,0,0,0,0,0,0,0,0,0,0,0,0,0,0,0,0,0,0,0,0,0,0,0,0,0,0,0,0,0,0,0,0,0,0,0,0,0,0,0,0,0,0,,,,,,,,,,,,4071,0,123,4194,5406,
21,PUEBLA,102,NAUZONTLA,3,5,133,663,8,20,116,0,399,47,250,82,146,0,0,0,0,0,0,0,0,0,0,0,0,0,0,0,0,0,0,0,0,0,0,0,0,0,0,0,0,0,0,0,0,0,0,0,0,0,0,0,0,0,0,0,0,0,0,0,0,0,0,0,0,0,0,0,0,0,0,0,0,0,0,0,0,0,0,0,57,0,0,0,0,0,0,0,,,,,,,,,,,,1921,0,88,2009,2653,
21,PUEBLA,108,OLINTLA,8,16,2649,3169,10,56,15,10,0,59,625,0,0,0,0,9,0,0,0,0,0,0,0,0,0,0,0,0,0,0,0,0,0,0,0,0,0,0,0,0,0,0,0,0,0,0,0,0,0,0,0,0,0,0,0,0,0,0,0,0,0,0,0,0,0,0,0,0,0,0,0,0,0,0,0,0,0,0,0,0,0,0,0,0,0,5,0,0,,,,,,,,,,,,6607,0,132,6739,8460,
21,PUEBLA,166,TEPETZINTLA,6,12,22,1598,998,430,15,33,81,48,1667,556,72,0,0,0,0,0,0,0,0,0,0,0,0,0,0,0,0,0,0,0,0,0,0,0,0,0,0,0,0,0,0,0,0,0,0,0,0,0,0,0,0,0,0,0,0,0,0,0,0,0,0,0,0,0,0,0,0,0,0,0,0,0,0,0,0,0,0,0,0,0,0,0,0,0,0,0,,,,,,,,,,,,5520,0,244,5764,7413,
21,PUEBLA,171,TETELA DE OCAMPO,15,34,216,5260,36,472,254,59,33,63,7538,64,72,116,0,201,0,0,0,0,0,0,0,0,0,0,0,0,0,0,0,0,0,0,0,0,0,0,0,0,0,0,0,0,0,0,0,0,0,0,0,0,0,0,0,0,0,0,0,0,0,0,70,0,0,0,0,0,0,0,0,0,0,0,0,0,0,0,0,0,0,0,0,0,0,0,0,0,,,,,,,,,,,,14454,6,509,14969,19804,
21,PUEBLA,200,XOCHIAPULCO,2,7,8,553,12,26,0,547,0,8,155,0,0,86,0,0,0,0,0,0,0,0,0,0,0,0,0,0,0,0,0,0,0,0,0,0,0,0,0,0,0,0,0,0,0,0,0,0,0,0,0,0,0,0,0,0,0,0,0,0,0,0,0,0,0,0,0,3,0,0,0,0,0,0,0,0,0,0,0,0,0,0,0,0,0,0,0,0,,,,,,,,,,,,1398,549,60,2007,2813,
21,PUEBLA,202,XOCHITLAN DE VICENTE SUAREZ,4,13,2193,2012,33,0,0,41,0,468,1203,58,0,0,0,0,0,0,0,0,0,0,0,0,0,0,0,0,0,0,0,0,0,0,0,0,0,0,0,0,0,0,0,0,0,0,0,0,0,0,0,0,0,0,0,0,0,0,0,0,0,0,0,0,0,0,0,4,0,0,0,0,0,0,0,0,0,0,0,0,0,0,0,0,0,0,0,0,,,,,,,,,,,,6012,0,277,6289,8962,
21,PUEBLA,207,ZACAPOAXTLA,27,67,953,4466,204,1048,1813,3471,0,705,3659,4007,407,370,314,399,0,0,0,0,0,0,0,0,0,0,0,0,0,0,0,0,0,0,0,0,0,0,571,0,0,0,0,0,0,0,0,0,0,0,0,0,0,0,0,0,0,0,0,0,0,0,147,14,0,0,0,20,0,0,0,0,0,0,0,0,0,0,0,0,0,0,0,0,0,0,0,0,,,,,,,,,,,,22568,16,1059,23643,39813,
21,PUEBLA,210,ZAPOTITLAN DE MENDEZ,3,8,11,1652,30,0,3,15,5,27,1517,1,12,0,504,0,0,0,0,0,0,0,0,0,0,0,0,0,0,0,0,0,0,0,0,0,0,0,0,0,0,0,0,0,0,0,0,0,0,0,0,0,0,0,0,0,0,0,0,0,0,0,0,0,0,0,0,3,0,0,0,0,0,0,0,0,0,0,0,0,0,0,0,0,0,3,0,0,,,,,,,,,,,,3783,0,68,3851,4848,
21,PUEBLA,211,ZARAGOZA,6,20,519,485,153,1543,1590,414,0,1505,1142,266,36,171,0,0,0,0,0,0,0,0,0,0,0,0,0,0,0,0,0,0,0,0,0,0,0,0,0,0,0,0,0,0,0,0,0,0,0,0,0,0,0,0,0,0,0,0,0,0,0,0,0,0,0,0,0,0,0,0,0,0,0,0,0,0,0,0,0,0,0,0,0,0,0,0,0,0,,,,,,,,,,,,7824,20,266,8110,12183,
21,PUEBLA,212,ZAUTLA,12,28,20,67,26,474,4377,151,0,160,5456,145,51,0,911,70,0,0,0,0,0,0,0,0,0,0,0,0,0,0,0,0,0,0,0,0,0,0,0,0,0,0,0,0,0,0,0,0,0,0,0,0,0,0,0,0,0,0,0,0,22,0,0,0,0,0,0,0,0,0,0,0,0,0,0,0,0,3,0,0,0,0,0,0,0,0,0,13,,,,,,,,,,,,11946,0,251,12197,14816,
21,PUEBLA,215,ZONGOZOTLA,2,6,647,557,10,0,6,397,0,491,592,0,155,0,0,0,0,0,0,0,0,0,0,0,0,0,0,0,0,0,0,0,0,0,0,0,0,0,0,0,0,0,0,0,0,0,0,0,0,0,0,0,0,0,0,0,0,0,0,0,0,0,0,1,0,0,0,0,0,0,0,0,0,0,0,0,0,0,0,0,0,0,0,0,0,0,0,0,,,,,,,,,,,,2856,0,89,2945,3617,
21,PUEBLA,2,ACATENO,8,15,291,317,209,35,1242,771,8,55,287,228,1356,0,274,0,0,0,0,0,0,0,0,0,0,0,0,0,0,0,0,0,0,0,0,0,0,0,153,0,0,0,0,0,0,0,0,0,0,0,0,0,0,0,0,0,0,0,0,0,0,0,12,14,0,0,0,4,0,0,0,0,0,0,0,0,0,0,0,0,0,0,0,0,0,0,0,0,,,,,,,,,,,,5256,2,131,5389,7229,
21,PUEBLA,17,ATEMPAN,10,35,186,4393,29,341,113,831,14,115,1025,2614,33,0,3402,20,0,0,0,0,0,0,0,0,0,0,0,0,0,0,0,0,0,0,0,0,0,0,0,0,0,0,0,0,0,0,0,0,0,60,0,0,0,0,0,0,0,0,0,0,140,0,0,0,0,0,0,14,0,24,0,0,1,0,0,0,0,84,0,0,0,0,0,0,0,0,0,83,,,,,,,,,,,,13522,4,508,14034,20099,
21,PUEBLA,25,AYOTOXCO DE GUERRERO,4,10,901,684,6,138,1382,21,5,0,460,636,0,0,0,0,0,0,0,0,0,0,0,0,0,0,0,0,0,0,0,0,0,0,0,0,0,0,0,0,0,0,0,0,0,0,0,0,0,0,0,0,0,0,0,0,0,0,0,0,0,0,0,0,0,0,0,0,0,0,0,0,0,0,0,0,0,0,0,0,0,0,0,0,0,0,0,0,,,,,,,,,,,,4233,0,91,4324,6274,
21,PUEBLA,44,CUETZALAN DEL PROGRESO,20,57,2607,8658,68,213,4741,1275,164,590,565,967,148,88,501,25,0,0,0,0,0,0,0,0,0,0,0,0,0,0,0,0,0,0,0,0,0,0,0,0,0,0,0,0,0,0,0,0,0,0,0,0,0,0,0,0,0,0,0,0,0,0,0,0,0,0,0,28,0,0,0,0,0,0,0,0,0,0,0,0,0,0,0,0,0,0,0,0,,,,,,,,,,,,20638,42,1003,21683,33879,
21,PUEBLA,77,HUEYAPAN,5,15,0,2465,30,645,0,43,0,0,524,1880,0,0,0,0,0,0,0,0,0,0,0,0,0,0,0,0,0,0,0,0,0,0,0,0,0,0,0,0,0,0,0,0,0,0,0,0,0,0,0,0,0,0,0,0,0,0,0,0,0,0,0,0,0,0,0,28,0,0,0,0,0,0,0,0,0,140,0,0,0,0,0,0,0,0,0,0,,,,,,,,,,,,5755,3,185,5943,8800,
21,PUEBLA,78,HUEYTAMALCO,15,38,5905,4592,33,295,38,41,0,58,1164,64,47,0,0,43,0,0,0,0,0,0,0,0,0,0,0,0,0,0,0,0,0,0,0,0,0,0,0,0,0,0,0,0,0,0,0,0,0,0,0,0,0,0,0,0,0,0,0,0,0,0,0,0,0,0,0,12,0,0,0,0,0,0,0,0,0,0,0,0,0,0,0,0,0,0,0,0,,,,,,,,,,,,12292,1,394,12687,20172,
21,PUEBLA,90,JONOTLA,3,7,14,670,15,0,474,348,3,0,84,1064,0,0,0,0,0,0,0,0,0,0,0,0,0,0,0,0,0,0,0,0,0,0,0,0,0,0,0,0,0,0,0,0,0,0,0,0,0,0,0,0,0,0,0,0,0,0,0,0,0,0,0,0,0,0,0,4,0,0,0,0,0,0,0,0,0,0,0,0,0,0,0,0,0,0,0,0,,,,,,,,,,,,2676,0,78,2754,3620,
21,PUEBLA,157,TENAMPULCO,8,12,95,1247,25,51,16,1041,0,0,1564,32,0,0,0,4,0,0,0,0,0,0,0,0,0,0,0,0,0,0,0,0,0,0,0,0,0,0,0,0,0,0,0,0,0,0,0,0,0,0,0,0,0,0,0,0,0,0,0,0,4,0,0,0,0,0,0,4,0,0,0,0,0,0,0,0,0,0,0,0,0,0,0,0,0,0,0,2,,,,,,,,,,,,4085,0,123,4208,5379,
21,PUEBLA,172,TETELES DE AVILA CASTILLO,2,7,118,46,5,1127,12,9,88,14,1010,721,129,0,141,0,0,0,0,0,0,0,0,0,0,0,0,0,0,0,0,0,0,0,0,0,0,0,0,0,0,0,0,0,0,0,0,0,0,0,0,0,0,0,0,0,0,0,0,0,0,0,0,0,0,0,0,0,0,0,0,0,0,0,0,44,0,0,0,0,0,0,0,0,0,0,0,0,,,,,,,,,,,,3464,2,50,3516,4608,
21,PUEBLA,186,TLATLAUQUITEPEC,25,66,1598,6110,240,1328,168,452,137,3921,4857,172,2931,691,1764,604,0,0,0,0,0,0,0,0,0,0,0,0,0,0,0,0,0,0,0,0,0,0,0,0,0,0,0,0,0,0,0,0,0,0,0,0,0,0,0,0,0,0,0,0,0,0,0,0,0,0,0,168,0,0,0,0,0,0,0,0,0,0,0,0,0,222,0,0,0,0,0,0,,,,,,,,,,,,25363,5,999,26367,39811,
21,PUEBLA,192,TUZAMAPAN DE GALEANA,3,8,34,9,1401,944,16,172,540,0,36,401,0,0,146,0,0,0,0,0,0,0,0,0,0,0,0,0,0,0,0,0,0,0,0,0,0,0,0,0,0,0,0,0,0,0,0,0,0,0,0,0,0,0,0,0,0,0,0,0,0,0,0,0,0,0,0,0,0,0,0,0,0,0,0,0,0,0,0,0,0,0,0,0,0,0,0,0,,,,,,,,,,,,3699,0,103,3802,4678,
21,PUEBLA,204,YAONAHUAC,4,10,9,46,1185,704,205,193,0,270,34,1730,91,7,0,0,0,0,0,0,0,0,0,0,0,0,0,0,0,0,0,0,0,0,0,0,0,0,0,0,0,0,0,0,0,0,0,0,0,0,0,0,0,0,0,0,0,0,0,0,0,0,0,0,0,0,0,27,0,0,0,0,0,0,0,0,0,0,0,0,0,0,0,0,0,0,0,0,,,,,,,,,,,,4501,1,149,4651,5857,
21,PUEBLA,216,ZOQUIAPAN,2,4,369,504,3,425,79,6,90,3,45,9,0,0,0,0,0,0,0,0,0,0,0,0,0,0,0,0,0,0,0,0,0,0,0,0,0,0,0,0,0,0,0,0,0,0,0,0,0,0,0,0,0,0,0,0,0,0,0,0,0,0,0,2,0,0,0,0,0,0,0,0,0,0,0,0,0,0,0,0,0,0,0,0,0,0,0,0,,,,,,,,,,,,1535,0,33,1568,1907,
21,PUEBLA,55,CHIGNAUTLA,10,37,982,2260,32,656,196,4173,255,165,2809,923,1680,391,0,86,0,0,0,0,0,0,0,0,0,0,0,0,0,0,0,0,0,0,0,0,0,0,0,0,0,0,0,0,0,0,0,0,0,0,0,0,0,0,0,0,0,186,0,0,0,0,0,0,0,0,0,0,0,0,0,0,0,0,0,34,0,0,0,0,0,48,0,51,0,0,0,0,,,,,,,,,,,,14927,0,438,15365,22802,
21,PUEBLA,45,CUYOACO,7,19,1503,2679,39,60,530,943,0,122,1684,382,350,0,0,0,0,0,0,0,0,0,0,0,0,0,0,0,0,0,0,0,0,0,0,0,0,0,0,0,0,0,0,0,0,0,0,0,0,0,0,0,0,0,0,0,0,0,0,0,0,0,0,0,0,106,0,37,0,0,0,0,0,0,0,0,0,0,0,0,0,0,0,0,0,0,0,0,,,,,,,,,,,,8435,29,312,8776,11972,
21,PUEBLA,68,GUADALUPE VICTORIA,10,21,234,4588,22,36,286,49,494,52,1506,40,63,0,31,0,0,0,0,0,0,0,0,0,13,0,0,0,0,0,0,0,0,0,0,0,0,0,54,0,1,0,0,0,0,0,0,0,0,3,0,0,0,0,0,0,0,0,0,0,0,0,88,3,0,0,0,4,0,4,0,0,0,0,0,0,0,0,0,0,0,0,0,0,0,0,0,0,,,,,,,,,,,,7571,7,190,7768,11944,
21,PUEBLA,95,LAFRAGUA,8,12,1195,1117,10,232,9,809,0,29,371,510,0,252,0,14,0,0,0,0,0,0,0,0,0,0,0,0,0,0,0,0,0,0,0,0,0,0,0,0,0,0,0,0,0,0,0,0,0,0,0,0,0,0,0,0,0,0,0,0,140,0,0,5,0,0,0,0,0,15,0,0,0,0,0,0,0,34,0,0,0,0,0,0,0,0,0,21,,,,,,,,,,,,4763,0,136,4899,6047,
21,PUEBLA,169,TEPEYAHUALCO,7,22,78,1162,23,1911,35,847,2120,112,1038,331,207,246,1662,0,0,0,0,0,0,0,0,0,0,0,0,0,0,0,0,0,0,0,0,0,0,0,0,0,0,0,0,0,0,0,0,0,0,0,0,0,0,0,0,0,0,0,0,0,0,0,0,0,0,0,0,0,0,0,0,0,0,0,0,0,77,0,0,0,0,0,0,0,0,0,0,0,,,,,,,,,,,,9849,0,326,10175,12975,
21,PUEBLA,173,TEZIUTLAN,41,123,9051,1301,300,1675,963,5387,3132,374,7771,1104,641,609,4310,73,0,0,0,0,0,0,0,0,0,0,0,0,0,0,0,0,0,0,0,0,0,0,314,0,0,0,0,0,0,0,0,0,0,0,0,0,0,0,0,0,0,260,0,0,0,0,179,40,0,0,0,11,0,0,0,0,0,0,0,44,0,0,0,0,0,0,0,106,0,0,0,0,,,,,4138,,,,,,,41783,73,1344,43200,75420,
21,PUEBLA,199,XIUTETELCO,12,45,5039,4742,63,1749,467,405,252,0,4638,38,172,0,0,199,0,0,0,0,0,0,0,0,0,0,0,0,0,0,0,0,0,0,0,0,0,0,0,0,0,0,0,0,0,0,0,0,0,0,0,0,0,0,0,0,0,110,0,0,0,0,0,0,0,0,0,11,0,0,0,0,0,0,0,27,0,0,0,0,0,0,0,29,0,0,0,0,,,,,,,,,,,,17941,0,645,18586,28302,
21,PUEBLA,133,SAN MARTIN TEXMELUCAN,54,182,7649,5139,391,1484,4084,9089,371,286,8358,910,1887,233,1183,333,0,0,0,0,0,0,0,0,0,0,0,0,0,0,0,0,0,0,0,0,0,0,0,0,0,0,0,194,0,0,0,0,0,0,0,0,0,0,0,0,0,0,0,0,0,0,0,125,0,29,0,0,86,0,0,0,4,0,0,0,0,0,0,0,0,0,0,0,0,0,0,0,,,,,,,,8090,,,,49925,35,1838,51798,115922,
21,PUEBLA,135,SAN MATIAS TLALANCALECA,9,24,2785,2172,23,168,56,1150,6,70,952,1383,54,0,0,29,0,0,0,0,0,0,0,0,0,0,0,0,0,0,0,0,0,0,0,0,0,0,0,0,0,0,0,0,0,0,0,0,0,0,0,0,0,0,0,0,0,0,0,0,0,0,0,0,0,0,0,0,0,48,0,0,0,0,0,0,0,0,0,0,0,0,0,0,0,0,0,0,,,,,,,,,,,,8896,3,300,9199,15792,
21,PUEBLA,144,SAN SALVADOR EL VERDE,10,36,480,1479,49,2239,947,538,528,147,1364,2774,366,161,186,246,0,0,0,0,0,0,0,0,0,0,0,0,0,0,0,0,0,0,0,0,0,0,0,0,74,0,0,0,0,0,0,0,0,0,0,0,0,0,0,0,0,0,0,0,0,0,63,0,0,1,0,0,0,6,0,0,0,0,0,0,0,0,0,0,0,0,0,0,0,0,0,0,,,,,,,,,,,,11648,2,369,12019,23987,
21,PUEBLA,180,TLAHUAPAN,15,47,2567,3870,497,1200,486,625,863,2388,1843,0,149,,,569,,,,,,,,,,,,,,,,,,,,,,,,,,,,,,,,,,,,,,,,,,,,,,,,0,,,,,,,,,,,,,,,,567,,,,,,,,,,,,,,,,,,,,15624,4,666,16294,29549,
21,PUEBLA,26,CALPAN,8,18,237,569,108,433,147,1100,494,112,589,177,1011,0,366,0,0,0,0,0,0,0,0,0,0,0,0,0,0,0,0,0,0,0,0,0,0,0,82,0,0,0,0,0,0,0,0,0,0,0,0,0,0,0,0,0,0,0,0,0,0,0,22,3,0,0,0,5,0,0,0,0,0,0,0,0,0,0,0,0,0,0,0,0,0,0,0,0,,,,,,,,,,,,5455,27,335,5817,10786,
21,PUEBLA,49,CHIAUTZINGO,8,24,1457,466,27,648,1461,128,0,30,432,186,759,483,1066,69,0,0,0,0,0,0,0,0,0,0,0,0,0,0,0,0,0,0,0,0,0,0,0,0,0,0,0,0,0,0,0,0,0,0,0,0,0,0,0,0,0,0,0,0,0,0,0,0,0,0,0,10,0,0,0,0,0,0,0,0,0,0,0,0,0,0,0,0,0,0,0,0,,,,,,,,,,,,7222,3,257,7482,14912,
21,PUEBLA,35,CORONANGO,12,62,2135,3042,1391,239,128,1068,319,1714,3487,123,809,3597,239,74,0,0,0,0,0,0,0,0,0,0,0,0,0,0,0,0,0,0,0,0,0,0,0,0,0,0,0,0,0,0,0,0,0,0,0,0,0,0,0,0,0,0,0,0,0,0,0,554,0,0,0,0,0,0,0,0,0,0,0,0,0,0,0,0,0,0,0,0,0,0,0,0,,,,,,,,,,,,18919,13,770,19702,41249,
21,PUEBLA,61,DOMINGO ARENAS,3,8,36,462,733,0,9,104,0,15,381,1418,6,0,15,0,0,0,0,0,0,0,0,0,0,0,0,0,0,0,0,0,0,0,0,0,0,0,0,0,0,0,0,0,0,0,0,0,0,0,0,0,0,0,0,0,0,0,0,0,0,0,0,26,0,0,0,0,0,0,0,0,0,0,0,0,0,0,0,0,0,0,0,0,0,0,0,0,,,,,,,,,,368,,3573,0,93,3666,5351,
21,PUEBLA,76,HUEJOTZINGO,22,92,807,2094,4044,3272,2039,1239,258,252,5738,304,457,7234,3967,569,0,0,0,0,0,0,0,0,0,0,0,0,0,0,0,0,0,0,0,0,0,0,0,0,0,0,0,0,0,0,0,0,0,0,0,0,0,0,0,0,0,0,0,0,0,0,182,0,0,0,0,0,0,0,0,0,0,0,0,0,0,0,0,0,0,0,0,0,0,0,0,0,,,,,,,,,,,,32456,14,982,33452,59528,
21,PUEBLA,92,JUAN C. BONILLA,6,26,1456,356,975,134,1325,1164,278,1051,1304,263,669,249,467,39,0,0,0,0,0,0,0,0,0,0,0,0,0,0,0,0,0,0,0,0,0,0,0,0,0,0,0,0,0,0,0,0,0,0,0,0,0,0,0,0,0,0,0,0,0,0,0,263,0,0,0,0,0,0,0,0,0,0,0,0,0,0,0,0,0,0,0,0,0,0,0,0,,,,,,,,,,,,9993,3,337,10333,18010,
21,PUEBLA,103,NEALTICAN,4,14,1622,128,16,85,0,819,306,192,1405,0,1278,0,0,0,0,0,0,0,0,0,0,0,0,0,0,0,0,0,0,0,0,0,0,0,0,0,0,0,0,0,0,0,0,0,0,0,0,0,0,0,0,0,0,0,0,0,0,0,0,0,0,0,0,0,0,0,0,0,0,0,0,0,0,0,0,0,0,0,0,0,0,0,0,0,0,0,,,,,,,,,,,,5851,6,174,6031,9169,
21,PUEBLA,123,SAN FELIPE TEOTLALCINGO,5,13,818,620,12,259,770,619,9,21,307,63,25,0,0,0,0,0,0,0,0,0,0,0,0,0,0,0,0,0,0,0,0,0,0,0,0,0,0,0,0,0,0,0,0,0,0,0,0,0,0,0,0,0,0,0,0,0,0,0,0,0,0,0,0,0,0,0,0,0,0,0,0,0,0,0,0,0,0,0,0,0,0,0,0,0,0,0,,,,,,,,,,,,3523,175,124,3822,7775,
21,PUEBLA,137,SAN MIGUEL XOXTLA,4,14,542,465,6,37,176,16,527,1245,1795,292,90,119,632,0,0,0,0,0,0,0,0,0,0,0,0,0,0,0,0,0,0,0,0,0,0,0,0,0,0,0,0,0,0,0,0,0,0,0,0,0,0,0,0,0,0,0,0,0,0,0,0,0,0,0,0,0,0,0,0,0,0,0,0,0,0,0,0,0,0,0,0,0,0,0,0,0,,,,,,,,,,,,5942,0,103,6045,9184,
21,PUEBLA,139,SAN NICOLAS DE LOS RANCHOS,5,12,203,1449,368,116,118,840,10,7,1583,781,10,15,7,0,0,0,0,0,0,0,0,0,0,0,0,0,0,0,0,0,0,0,0,0,0,0,138,0,0,0,0,0,0,0,0,0,0,0,0,0,0,0,0,0,0,0,0,0,0,0,16,6,0,0,0,16,0,0,0,0,0,0,0,0,0,0,0,0,0,0,0,0,0,0,0,0,,,,,,,,,,,,5683,0,189,5872,8124,
21,PUEBLA,181,TLALTENANGO,3,8,650,265,501,350,118,0,2,10,487,720,7,5,36,0,0,0,0,0,0,0,0,0,0,0,0,0,0,0,0,0,0,0,0,0,0,0,0,0,0,0,0,0,0,0,0,0,0,0,0,0,0,0,0,0,0,0,0,0,0,0,0,0,0,0,0,0,0,0,0,0,0,0,0,0,0,0,0,0,0,0,0,0,0,0,0,0,,,,,,,,,,,,3151,0,84,3235,4947,
21,PUEBLA,42,CUAUTLANCINGO,16,112,12504,1383,262,663,403,509,1655,2189,11415,187,388,267,420,369,0,0,0,0,0,0,0,0,0,0,0,0,0,0,0,0,0,0,0,0,0,0,285,0,0,0,0,0,0,0,0,0,0,0,0,0,0,0,0,0,0,0,0,0,0,0,122,28,0,0,0,1,0,0,0,0,0,0,0,0,0,0,0,0,0,0,0,0,0,0,0,0,,,,,,6537,,,,,,39587,14,1112,40713,78604,
21,PUEBLA,115,PUEBLA,773,2171,231284,48406,6737,11160,17680,12221,8191,3020,171267,11451,6749,5469,9687,7177,0,5872,0,0,0,0,0,1004,255,0,442,0,0,278,0,0,0,143,0,0,0,0,6560,696,101,0,232,41,0,124,0,0,33,5,0,22,0,0,24,0,0,0,0,0,0,0,3152,711,635,112,0,123,78,19,0,33,15,0,0,0,0,0,0,0,0,0,76,0,0,0,0,0,,,,,,,,,,,,571285,551,19675,591511,1330676,
21,PUEBLA,1,ACAJETE,20,70,716,2978,2484,923,791,3271,29,2086,5063,2193,1203,1132,699,0,0,0,0,0,0,0,0,0,0,0,0,0,0,0,0,0,0,0,0,0,0,0,0,0,0,0,0,0,0,0,0,0,0,0,0,0,0,0,0,0,0,0,0,0,0,0,0,0,0,0,0,0,0,0,0,0,0,0,0,0,0,0,0,0,0,0,0,0,0,0,0,0,,,,,,,,,,,,23568,4,945,24517,45905,
21,PUEBLA,15,AMOZOC,18,110,7966,1903,315,716,1473,658,916,262,10857,9473,1136,813,2710,410,0,0,0,0,0,0,0,0,0,0,0,0,0,0,0,0,0,0,0,0,0,0,0,0,0,0,0,0,0,0,0,0,0,0,0,0,0,0,0,0,0,0,0,0,0,0,0,0,0,0,0,119,0,0,0,0,0,0,0,0,0,0,0,0,0,0,0,0,0,0,0,0,,,,,,,,,,,,39727,26,1944,41697,74846,
21,PUEBLA,20,ATOYATEMPAN,2,7,18,302,3,265,12,17,9,1057,228,23,624,0,0,0,0,0,0,0,0,0,0,0,0,0,0,0,0,0,0,0,0,0,0,0,0,0,0,0,0,0,0,0,0,0,0,0,0,0,0,0,0,0,0,0,0,0,0,0,0,0,0,0,0,0,0,0,0,0,0,0,0,0,0,0,0,0,0,0,0,0,0,0,0,0,0,0,,,,,,,,,,,,2558,603,183,3344,5066,
21,PUEBLA,41,CUAUTINCHAN,5,12,363,264,89,1061,29,20,1069,28,414,771,213,23,0,0,0,0,0,0,0,0,0,0,0,0,0,0,0,0,0,0,0,0,0,0,0,0,26,0,0,0,0,0,0,0,0,0,0,0,0,0,0,0,0,0,0,0,0,0,0,0,19,2,0,0,0,1,0,0,0,0,0,0,0,0,0,0,0,0,0,0,0,0,0,0,0,0,,963,,,,,,,,,,5355,0,171,5526,7498,
21,PUEBLA,99,MIXTLA,2,3,8,83,14,0,11,652,0,9,509,16,0,0,0,0,0,0,0,0,0,0,0,0,0,0,0,0,0,0,0,0,0,0,0,0,0,0,0,0,0,0,0,0,0,0,0,0,0,0,0,0,0,0,0,0,0,0,0,0,0,0,4,0,0,0,0,0,0,0,0,0,0,0,0,0,0,0,0,0,0,0,0,0,0,0,0,0,,,,,,,,,,,,1306,0,21,1327,1830,
21,PUEBLA,150,SANTO TOMAS HUEYOTLIPAN,3,9,179,8,9,0,265,819,1028,172,458,728,321,0,0,0,0,0,0,0,0,0,0,0,0,0,0,0,0,0,0,0,0,0,0,0,0,0,0,0,0,0,0,0,0,0,0,0,0,0,0,0,0,0,0,0,0,0,0,0,0,0,0,4,0,0,0,0,0,0,0,0,0,0,0,0,0,0,0,0,0,0,0,0,0,0,0,0,,,,,,,,,,,,3991,1,60,4052,6344,
21,PUEBLA,152,TECALI DE HERRERA,9,25,195,1764,45,256,47,1810,15,0,2222,607,50,1793,776,85,0,0,0,0,0,0,0,0,0,0,0,0,0,0,0,0,0,0,0,0,0,0,0,0,0,0,0,0,0,0,0,0,0,0,0,0,0,0,0,0,0,0,0,0,0,0,0,0,0,0,0,0,0,0,0,0,0,0,0,0,0,0,0,0,0,0,0,0,0,0,0,0,,,,,,,,,,,,9665,2,274,9941,15855,
21,PUEBLA,162,TEPATLAXCO DE HIDALGO,7,20,976,1460,78,1532,1875,837,0,117,481,53,0,147,1073,0,0,0,0,0,0,0,0,0,0,0,0,0,0,0,0,0,0,0,0,0,0,0,0,0,0,0,0,0,0,0,0,0,0,0,0,0,0,0,0,0,0,0,0,0,0,0,0,24,0,0,0,0,0,0,0,0,0,0,0,0,0,0,0,0,0,0,0,0,0,0,0,0,,,,,,,,,,,,8653,2,290,8945,12533,
21,PUEBLA,182,TLANEPANTLA,2,6,6,472,8,224,667,133,23,20,832,17,0,0,0,26,0,0,0,0,0,0,0,0,0,0,0,0,0,0,0,0,0,0,0,0,0,0,0,0,0,0,0,0,0,0,0,0,0,0,0,0,0,0,0,0,0,27,0,0,0,0,10,0,0,0,0,0,0,0,0,0,0,0,0,5,0,0,0,0,0,0,0,3,0,0,0,0,,,,,,,,,,,,2473,0,43,2516,3516,
21,PUEBLA,193,TZICATLACOYAN,4,10,16,1123,7,671,0,20,0,992,1014,11,0,0,0,0,0,0,0,0,0,0,0,0,0,0,0,0,0,0,0,0,0,0,0,0,0,0,16,0,0,0,0,0,0,0,0,0,0,0,0,0,0,0,0,0,0,0,0,0,0,0,6,0,0,0,0,2,0,0,0,0,0,0,0,0,0,0,0,0,0,0,0,0,0,0,0,0,,,,,,,,,,,,3878,9,90,3977,5202,
21,PUEBLA,4,ACATZINGO,16,62,1685,3804,568,715,3703,583,142,3404,4307,0,290,1003,356,143,0,0,0,0,0,0,0,0,0,0,0,0,0,0,0,0,0,0,0,0,0,0,0,0,0,0,0,0,0,0,0,0,0,0,0,0,0,0,0,0,0,0,0,0,0,0,0,0,0,0,0,0,0,0,0,0,0,0,0,0,0,0,0,0,0,0,0,0,0,0,0,0,,,,,,,,,,,,20703,59,628,21390,38597,
21,PUEBLA,39,CUAPIAXTLA DE MADERO,3,10,39,273,20,611,785,1021,0,29,763,0,458,0,0,0,0,0,0,0,0,0,0,0,0,0,0,0,0,0,0,0,0,0,0,0,0,0,0,0,0,0,0,0,0,0,0,0,0,0,0,0,0,0,0,0,0,0,0,0,0,0,0,0,0,0,0,0,0,0,0,0,0,0,0,0,0,0,0,0,0,0,0,0,0,0,0,0,,,,,,,,,,,,3999,0,69,4068,6484,
21,PUEBLA,119,LOS REYES DE JUAREZ,9,28,3868,2551,49,105,892,40,220,38,1631,30,0,0,28,25,0,0,0,0,0,0,0,0,0,0,0,0,0,0,0,0,0,0,0,0,0,0,0,0,0,0,0,0,0,0,0,0,0,0,0,0,0,0,0,0,0,0,0,0,0,0,0,154,0,0,0,0,0,12,0,0,0,0,0,0,0,0,0,0,0,0,0,0,0,0,0,0,,,,,,,,,,,,9643,36,330,10009,18202,
21,PUEBLA,98,MAZAPILTEPEC DE JUAREZ,2,4,12,539,1,415,17,6,198,0,219,0,220,0,0,0,0,0,0,0,0,0,0,0,0,0,0,0,0,0,0,0,0,0,0,0,0,0,0,0,0,0,0,0,0,0,0,0,0,0,0,0,0,0,0,0,0,0,0,0,0,0,0,0,0,0,0,0,47,0,0,0,0,0,0,0,0,0,0,0,0,0,0,0,0,0,0,0,,,,,,,,,,,,1674,0,25,1699,2216,
21,PUEBLA,105,NOPALUCAN,7,30,169,1457,2373,455,1476,716,18,227,3436,53,55,0,0,179,0,0,0,0,0,0,0,0,0,0,0,0,0,0,0,0,0,0,0,0,0,0,0,0,0,0,0,0,0,0,0,0,0,0,0,0,0,0,0,0,0,0,0,0,0,0,0,0,0,0,0,0,0,0,38,0,0,0,0,0,0,0,0,0,0,0,0,0,0,0,0,0,,,,,,,,,,,,10652,4,351,11007,18745,
21,PUEBLA,118,RAFAEL LARA GRAJALES,7,23,42,3191,30,4202,91,21,21,208,889,17,16,83,106,0,0,0,0,0,0,0,0,0,0,0,0,0,0,0,0,0,0,0,0,0,0,0,0,0,0,0,0,0,0,0,0,0,0,0,0,0,0,0,0,0,0,0,6,0,0,0,0,2,0,0,0,0,0,0,0,0,0,0,0,6,0,3,0,0,0,0,0,0,0,0,0,0,,,,,,,,,,,,8934,67,250,9251,14413,
21,PUEBLA,129,SAN JOSE CHIAPA,6,13,34,454,63,297,954,628,5,592,1449,227,0,0,119,0,0,0,0,0,0,0,0,0,0,0,0,0,0,0,0,0,0,0,0,0,0,0,0,0,0,0,0,0,0,0,0,0,0,0,0,0,0,0,0,0,0,0,0,0,0,0,29,0,0,0,0,0,0,0,0,0,0,0,0,0,0,0,0,0,0,0,0,0,0,0,0,0,,,,,,,,,,,,4851,0,106,4957,6894,
21,PUEBLA,151,SOLTEPEC,6,17,903,1363,13,62,164,23,0,53,1041,232,42,1517,25,0,0,0,0,0,0,0,0,0,0,0,0,0,0,0,0,0,0,0,0,0,0,0,0,0,0,0,0,0,0,0,0,0,0,0,0,0,0,0,0,0,0,0,0,0,0,0,0,0,0,0,0,0,0,0,0,0,0,0,0,0,0,0,0,0,0,0,0,0,0,0,0,0,,,,,,,,,,,,5438,0,191,5629,9153,
21,PUEBLA,163,TEPEACA,24,93,2839,5514,309,1808,271,1837,137,3731,12597,464,223,436,335,723,0,0,0,0,0,0,0,0,0,0,0,0,0,0,0,0,0,0,0,0,0,0,456,0,0,0,0,0,0,0,0,0,0,0,0,0,0,0,0,0,0,0,0,0,0,0,329,56,0,0,0,93,0,0,0,0,0,0,0,0,0,0,0,0,0,0,0,0,0,0,0,0,,,,,,,,,,,,32158,26,1170,33354,57484,
21,PUEBLA,12,ALJOJUCA,4,9,332,647,13,141,0,424,788,32,1390,0,0,0,34,0,0,0,0,0,0,0,0,0,0,0,0,0,0,0,0,0,0,0,0,0,0,0,29,0,0,0,0,0,0,0,0,0,0,0,0,0,0,0,0,0,0,0,0,0,0,0,199,0,0,0,0,0,0,0,0,0,0,0,0,0,0,0,0,0,0,0,0,0,0,0,0,0,,,,,,,,,,,,4029,0,104,4133,5142,
21,PUEBLA,23,ATZITZINTLA,5,14,103,50,578,63,18,1629,371,23,1034,39,176,0,0,23,0,0,0,0,0,0,0,0,0,0,0,0,0,0,0,0,0,0,0,0,0,0,0,0,0,0,0,0,0,0,0,0,0,0,0,0,0,0,0,0,0,0,0,0,28,0,0,0,0,0,0,51,0,0,0,0,0,0,0,0,0,5,0,0,0,0,0,0,0,0,0,6,,,,,,,,,,,,4197,1,89,4287,6645,
21,PUEBLA,46,CHALCHICOMULA DE SESMA,24,57,4665,3808,75,119,1034,5261,1072,126,2382,116,241,74,278,25,0,0,0,0,0,0,0,0,0,0,0,0,0,0,0,0,0,0,0,0,0,0,0,0,0,0,0,0,0,0,0,0,0,0,0,0,0,0,0,0,0,0,0,0,0,0,0,0,0,0,0,43,0,0,0,0,0,0,0,0,0,0,0,0,0,13,0,0,0,0,0,0,,,,,,,,,,,,19332,8,742,20082,34551,
21,PUEBLA,51,CHICHIQUILA,9,27,2826,3583,19,37,1106,1253,90,36,459,1722,22,0,0,2,0,0,0,0,0,0,0,0,0,0,0,0,0,0,0,0,0,0,0,0,0,0,0,0,0,0,0,0,0,0,0,0,0,0,0,0,0,0,0,0,0,0,0,0,0,0,0,0,0,0,0,1,0,0,0,0,0,0,0,0,0,0,0,0,0,0,0,0,0,0,0,0,,,,,,,,,,,,11156,0,474,11630,15835,
21,PUEBLA,59,CHILCHOTLA,7,22,1745,343,77,1024,564,2435,394,1200,1337,215,86,137,272,0,0,0,0,0,0,0,0,0,0,0,0,0,0,0,0,0,0,0,0,0,0,0,0,0,0,0,0,0,0,0,0,0,0,0,0,0,0,0,0,0,0,0,0,0,0,0,0,0,0,0,0,0,0,0,0,0,0,0,0,0,0,0,0,0,0,0,0,0,0,0,0,0,,,,,,,,,,,,9829,0,380,10209,13222,
21,PUEBLA,64,ESPERANZA,9,20,532,769,156,0,156,468,254,47,2033,1154,116,0,1154,0,0,0,0,0,0,0,0,0,0,0,0,0,0,0,0,0,0,0,0,0,0,0,0,0,0,0,0,0,0,0,0,0,0,0,0,0,0,0,0,0,0,0,0,0,0,0,0,0,0,0,0,0,0,0,0,0,0,51,0,0,0,0,0,0,0,0,0,0,0,0,0,0,,,,,,,,,,,,6890,0,265,7155,10796,
21,PUEBLA,109,ORIENTAL,8,21,1328,374,11,139,2905,42,6,84,2828,220,55,0,321,0,0,0,0,0,0,0,0,0,0,0,0,0,0,0,0,0,0,0,0,0,0,0,0,0,0,0,0,0,0,0,0,0,0,0,0,0,0,0,0,0,0,0,0,0,0,0,0,0,0,0,0,0,0,0,0,0,0,0,0,0,0,0,0,0,158,1,0,0,0,0,0,0,,,,,,,,,,,,8472,1,242,8715,12631,
21,PUEBLA,117,QUIMIXTLAN,10,27,6899,1058,14,47,164,998,3,162,1422,27,0,0,85,0,0,0,0,0,0,0,0,0,0,0,0,0,0,0,0,0,0,0,0,0,0,0,0,0,0,0,0,0,0,0,0,0,0,0,0,0,0,0,0,0,0,0,0,0,0,0,0,0,0,0,0,0,0,0,0,0,0,0,0,0,0,0,0,0,0,0,0,0,0,0,0,0,,,,,,,,,,,,10879,0,380,11259,14025,
21,PUEBLA,131,SAN JUAN ATENCO,4,5,15,693,12,0,12,679,0,47,489,0,0,0,0,0,0,0,0,0,0,0,0,0,0,0,0,0,0,0,0,0,0,0,0,0,0,0,0,0,0,0,0,0,0,0,0,0,0,0,0,0,0,0,0,0,0,0,0,0,0,0,0,0,0,0,0,0,0,0,0,0,0,0,0,0,0,0,0,0,0,0,0,0,0,0,0,0,,,,,,,,,,,,1947,1,84,2032,2931,
21,PUEBLA,138,SAN NICOLAS BUENOS AIRES,4,14,30,1306,7,163,1710,20,6,830,1312,27,27,73,199,0,0,0,0,0,0,0,0,0,0,0,0,0,0,0,0,0,0,0,0,0,0,0,0,0,0,0,0,0,0,0,0,0,0,0,0,0,0,0,0,0,0,0,0,0,0,0,0,0,0,0,0,0,0,0,0,0,0,0,0,0,0,0,0,0,0,0,0,0,0,0,0,0,,,,,,,,,,,,5710,0,136,5846,7814,
21,PUEBLA,143,SAN SALVADOR EL SECO,10,34,407,4062,575,181,1985,504,2503,188,1679,98,331,59,1346,30,0,0,0,0,0,0,0,0,0,0,0,0,0,0,0,0,0,0,0,0,0,0,0,0,0,0,0,0,0,0,0,0,0,0,0,0,0,0,0,0,0,0,0,0,0,0,0,181,0,0,0,0,0,0,0,0,0,0,0,0,0,0,0,0,0,0,58,0,0,0,0,0,,,,,,,,,,,,14187,6,613,14806,21269,
21,PUEBLA,179,TLACHICHUCA,14,39,1238,906,143,2427,3243,4659,12,133,1310,124,22,0,326,366,0,0,0,0,0,0,0,0,0,0,0,0,0,0,0,0,0,0,0,0,0,0,308,0,0,0,0,0,0,0,0,0,0,0,0,0,0,0,0,0,0,0,0,0,0,0,91,7,0,0,0,3,0,0,0,0,0,0,0,0,0,0,0,0,0,0,0,0,0,0,0,0,,,,,,,,,,,,15318,5,426,15749,22325,
21,PUEBLA,66,GENERAL FELIPE ANGELES,7,24,1047,720,13,88,559,763,17,1727,1125,291,33,985,1748,18,0,0,0,0,0,0,0,0,0,0,0,0,0,0,0,0,0,0,0,0,0,0,0,0,0,0,0,0,0,0,0,0,0,0,0,0,0,0,0,0,0,15,0,0,0,0,0,1,0,0,0,0,0,0,0,0,0,0,0,1,0,0,0,0,0,0,0,3,0,0,0,0,,,,,,,,,,,,9154,0,225,9379,14722,
21,PUEBLA,111,PALMAR DE BRAVO,15,50,3083,789,59,637,3436,940,454,1578,2014,495,395,654,681,175,0,0,0,0,0,0,0,0,0,0,0,0,0,0,0,0,0,0,0,0,0,0,0,0,0,0,0,0,0,0,0,0,0,0,0,0,0,0,0,0,0,0,0,0,0,0,0,0,0,0,0,29,0,0,0,0,0,0,0,0,0,0,0,0,0,0,0,0,0,0,0,0,,,,,,,2701,,,,,18120,12,678,18810,31289,
21,PUEBLA,116,QUECHOLAC,16,57,554,5129,223,486,93,235,0,8042,1023,2473,642,81,57,27,0,0,0,0,0,0,0,0,0,0,0,0,0,0,0,0,0,0,0,0,0,0,207,0,0,0,0,0,0,0,0,0,0,0,0,0,0,0,0,0,0,0,0,0,0,0,86,9,0,0,0,25,0,0,0,0,0,0,0,0,0,0,0,0,0,0,0,0,0,0,0,0,,,,,,,,,,,,19392,23,797,20212,35603,
21,PUEBLA,145,SAN SALVADOR HUIXCOLOTLA,4,14,768,1245,323,0,13,203,0,1760,358,99,0,878,0,0,0,0,0,0,0,0,0,0,0,0,0,0,0,0,0,0,0,0,0,0,0,0,0,0,0,0,0,0,0,0,0,0,0,0,0,0,0,0,0,0,0,0,0,0,0,0,0,0,0,0,0,151,0,0,0,0,0,0,0,0,0,0,0,0,0,41,0,0,0,0,0,0,,,,,,,,,,,,5839,1,127,5967,9792,
21,PUEBLA,153,TECAMACHALCO,24,92,2698,785,5727,1199,646,139,1359,6313,9567,468,143,117,763,172,0,0,0,0,0,0,0,0,0,0,0,0,0,0,0,0,0,0,0,0,0,0,0,0,0,0,0,0,0,0,0,0,0,0,0,0,0,0,0,0,0,0,0,0,241,0,444,0,0,0,0,0,0,0,0,0,0,0,0,0,0,42,0,0,0,0,665,0,0,0,0,76,,,,,,,,,,,,31564,8,899,32471,55701,
21,PUEBLA,205,YEHUALTEPEC,9,28,709,1601,188,136,0,85,28,2332,1155,3870,0,0,0,21,0,0,0,0,0,0,0,0,0,0,0,0,0,0,0,0,0,0,0,0,0,0,0,0,0,0,0,0,0,0,0,0,0,0,0,0,0,0,0,0,0,0,0,0,0,0,230,0,0,0,0,0,0,0,0,0,0,0,0,0,0,0,0,0,0,0,0,0,0,0,0,0,,,,,,,,,,,,10355,3,266,10624,17381,
21,PUEBLA,120,SAN ANDRES CHOLULA,38,153,22095,1992,300,745,849,812,816,156,16097,223,3612,192,633,262,0,0,0,0,0,0,0,0,0,0,0,0,0,0,0,0,0,0,0,0,0,0,0,0,0,0,0,0,0,0,0,0,0,0,0,0,0,0,0,0,0,0,0,0,0,0,0,186,0,0,0,0,0,0,0,0,0,0,0,0,0,0,0,0,0,0,0,0,0,0,0,0,,,,,,,,,910,,4936,54816,28,1294,56138,100681,
21,PUEBLA,141,SAN PEDRO CHOLULA,46,171,16650,3210,535,1009,778,1057,1412,282,13010,660,3666,342,995,269,0,0,0,0,0,0,0,0,0,0,0,0,0,0,0,0,0,0,0,0,0,0,495,0,0,0,0,0,0,0,0,0,0,0,0,0,0,0,0,0,0,0,0,0,0,0,154,31,0,0,0,19,0,0,0,0,0,0,0,0,0,0,0,0,0,0,0,0,0,0,0,0,,,,7635,,,,,,,,52209,56,1478,53743,108176,
21,PUEBLA,19,ATLIXCO,68,176,9802,3163,281,2263,2255,924,125,147,22014,2015,606,1052,2361,782,0,0,0,0,0,0,0,36,0,0,0,0,0,0,0,0,0,0,0,0,0,0,304,8,0,0,5,0,0,0,0,0,1,0,0,0,0,0,0,0,0,0,0,0,0,0,175,18,6,0,0,9,1,0,0,1,0,0,0,0,0,0,0,0,0,0,0,0,0,0,0,0,,,,,,,,,,,,48354,42,1616,50012,107881,
21,PUEBLA,22,ATZITZIHUACAN,9,18,434,150,2895,832,15,8,0,1392,373,10,0,0,0,0,0,0,0,0,0,0,0,0,0,0,0,0,0,0,0,0,0,0,0,0,0,0,0,0,0,0,0,0,0,0,0,0,0,0,0,0,0,0,0,0,0,0,0,0,0,0,16,0,0,0,0,0,0,0,0,0,0,0,0,0,0,0,0,0,0,0,0,0,0,0,0,0,,,,,,,,,,,,6125,0,246,6371,9283,
21,PUEBLA,107,OCOYUCAN,10,44,3871,5830,182,160,352,880,32,90,3637,56,174,0,0,47,0,0,0,0,0,0,0,0,0,0,0,0,0,0,0,0,0,0,0,0,0,0,0,0,0,0,0,0,0,0,0,0,0,0,0,0,0,0,0,0,0,0,0,20,0,0,0,131,0,0,0,0,0,0,0,0,0,0,0,0,3,0,0,0,0,0,0,0,0,8,0,0,,,,,,,,,,,,15473,5,451,15929,27679,
21,PUEBLA,122,SAN DIEGO LA MESA TOCHIMILTZINGO,3,3,31,15,4,378,0,0,0,2,277,0,0,51,0,0,0,0,0,0,0,0,0,0,0,0,0,0,0,0,0,0,0,0,0,0,0,0,0,0,0,0,0,0,0,0,0,0,0,0,0,0,0,0,0,0,0,0,0,0,0,0,0,0,0,0,0,0,0,0,0,0,0,0,0,0,0,0,0,0,0,0,0,0,0,0,0,0,,,,,,,,,,,,758,0,24,782,943,
21,PUEBLA,126,SAN GREGORIO ATZOMPA,4,12,921,338,14,28,93,1303,294,0,554,18,8,30,41,0,0,0,0,0,0,0,0,0,0,0,0,0,0,0,0,0,0,0,0,0,0,0,0,0,0,0,0,0,0,0,0,0,0,0,0,0,0,0,0,0,0,0,0,0,0,0,0,0,0,0,0,0,0,0,0,0,0,0,4,0,0,0,0,0,0,0,0,0,0,0,0,0,,,,,,,,,,,,3646,0,114,3760,7241,
21,PUEBLA,127,SAN JERONIMO TECUANIPAN,3,7,64,58,306,0,0,517,304,0,515,8,825,0,360,0,0,0,0,0,0,0,0,0,0,0,0,0,0,0,0,0,0,0,0,0,0,0,0,0,0,0,0,0,0,0,0,0,0,0,0,0,0,0,0,0,0,0,0,0,0,0,0,0,0,0,0,0,0,0,0,0,0,0,0,0,0,0,0,0,0,0,0,0,0,0,0,0,,,,,,,,,,,,2957,0,63,3020,4466,
21,PUEBLA,148,SANTA ISABEL CHOLULA,5,14,280,711,7,679,300,193,2,0,869,14,437,324,350,0,0,0,0,0,0,0,0,0,0,0,0,0,0,0,0,0,0,0,0,0,0,0,0,0,0,0,0,0,0,0,0,0,0,0,0,0,0,0,0,0,0,0,0,0,0,0,0,0,0,0,0,0,0,0,0,0,0,0,0,0,0,0,0,0,0,0,0,0,0,0,0,0,,,,,,,,,,,,4166,1,131,4298,8072,
21,PUEBLA,174,TIANGUISMANALCO,6,16,595,250,19,1260,1636,463,13,681,548,30,23,9,81,0,0,0,0,0,0,0,0,0,0,0,0,0,0,0,0,0,0,0,0,0,0,0,51,0,0,0,0,0,0,0,0,0,0,0,0,0,0,0,0,0,0,0,0,0,0,0,16,3,0,0,0,0,0,0,0,0,0,0,0,1,0,0,0,0,0,0,0,0,0,0,0,0,,,,,,,,,,,,5679,1,172,5852,8614,
21,PUEBLA,188,TOCHIMILCO,11,23,1497,988,2056,391,200,457,12,26,804,1724,0,31,0,0,0,0,0,0,0,0,0,0,0,0,0,0,0,0,0,0,0,0,0,0,0,0,0,0,0,0,0,0,0,0,0,0,0,0,0,0,0,0,0,0,0,0,0,0,0,0,0,0,0,0,0,0,0,0,0,0,0,0,0,0,0,0,0,0,0,0,0,0,0,0,0,0,,,,,,,,,,,,8186,0,308,8494,12945,
21,PUEBLA,5,ACTEOPAN,3,4,15,759,9,0,0,0,0,689,363,0,126,0,7,0,0,0,0,0,0,0,0,0,0,0,0,0,0,0,0,0,0,0,0,0,0,0,6,0,0,0,0,0,0,0,0,0,0,0,0,0,0,0,0,0,0,0,0,0,0,0,3,0,0,0,0,0,0,0,0,0,0,0,0,0,0,0,0,0,0,0,0,0,0,0,0,0,,,,,,,,,,,,1977,1,38,2016,2273,
21,PUEBLA,11,ALBINO ZERTUCHE,1,2,5,413,332,0,0,10,0,0,276,0,5,0,0,0,0,0,0,0,0,0,0,0,0,0,0,0,0,0,0,0,0,0,0,0,0,0,0,0,0,0,0,0,0,0,0,0,0,0,0,0,0,0,0,0,0,0,0,0,0,0,0,0,0,0,0,0,0,0,0,0,0,0,0,0,0,0,0,0,0,0,0,0,0,0,0,0,,,,,,,,,,,,1041,0,17,1058,1398,
21,PUEBLA,21,ATZALA,1,2,4,278,11,15,0,1,0,435,88,2,6,4,0,0,0,0,0,0,0,0,0,0,0,0,0,0,0,0,0,0,0,0,0,0,0,0,13,0,0,0,0,0,0,0,0,0,0,0,0,0,0,0,0,0,0,0,0,0,4,0,2,0,0,0,0,0,0,0,0,0,0,0,0,0,0,0,0,0,0,0,0,0,0,0,0,3,,,,,,,,,,,,866,0,36,902,1107,
21,PUEBLA,48,CHIAUTLA,17,34,2972,2014,55,711,31,0,29,0,2835,62,30,138,621,125,0,0,0,0,0,0,0,0,0,0,0,0,0,0,0,0,0,0,0,0,0,0,0,0,0,0,0,0,0,0,0,0,0,0,19,0,0,0,0,0,0,0,0,0,0,0,0,0,0,0,0,5,0,0,5,0,0,1,0,0,0,0,0,0,0,0,0,0,0,0,0,0,,,,,,,,,,,,9653,3,300,9956,16905,
21,PUEBLA,52,CHIETLA,20,50,297,2530,70,289,72,5062,0,92,6503,272,77,270,172,112,0,0,0,0,0,0,0,0,0,0,0,0,0,0,0,0,0,0,0,0,0,0,0,0,0,0,0,0,0,0,0,0,0,0,0,0,0,0,0,0,0,0,0,0,0,0,203,0,0,0,0,0,0,0,0,0,0,0,0,0,0,0,0,0,0,0,0,0,0,0,0,0,,,,,,,,,,,,16021,4,640,16665,28034,
21,PUEBLA,57,CHILA DE LA SAL,2,3,0,362,152,396,3,1,0,6,0,0,0,0,0,0,0,0,0,0,0,0,0,0,0,0,0,0,0,0,0,0,0,0,0,0,0,0,0,0,0,0,0,0,0,0,0,0,0,0,0,0,0,0,0,0,0,0,0,0,0,0,0,0,0,0,0,0,0,0,0,0,0,0,0,0,4,0,0,0,0,0,0,0,0,0,0,0,,,,,,,,,,,,924,0,9,933,1205,
21,PUEBLA,33,COHETZALA,2,3,0,10,2,4,0,0,366,6,335,0,0,0,120,1,0,0,0,0,0,0,0,0,0,0,0,0,0,0,0,0,0,0,0,0,0,0,0,0,0,0,0,0,0,0,0,0,0,0,0,0,0,0,0,0,0,0,0,1,0,0,0,0,0,0,0,0,0,0,0,0,0,0,0,0,0,0,0,0,0,0,0,0,0,0,0,0,,,,,,,,,,,,845,0,61,906,1202,
21,PUEBLA,34,COHUECAN,3,6,1072,997,11,20,0,3,11,18,324,0,13,0,0,1,0,0,0,0,0,0,0,0,0,0,0,0,0,0,0,0,0,0,0,0,0,0,0,0,0,0,0,0,0,0,0,0,0,0,0,0,0,0,0,0,0,0,0,0,0,0,0,0,0,0,0,0,0,0,0,0,0,0,0,0,0,0,0,0,0,0,0,0,0,1,0,0,,,,,,,,,,,,2471,0,87,2558,3659,
21,PUEBLA,70,HUAQUECHULA,19,39,2007,3464,70,229,295,62,0,2593,2130,655,0,122,1055,76,0,0,0,0,0,0,0,0,0,0,0,0,0,0,0,0,0,0,0,0,0,0,0,0,0,0,0,0,0,0,0,0,0,0,0,0,0,0,0,0,0,0,0,0,0,0,0,0,0,0,0,57,0,0,0,0,0,0,0,0,0,0,0,0,0,0,0,0,0,0,0,0,,,,,,,,,,,,12815,6,410,13231,20697,
21,PUEBLA,74,HUEHUETLAN EL CHICO,6,13,209,1930,19,0,66,21,1505,20,1191,212,15,0,0,0,0,0,0,0,0,0,0,0,0,0,0,0,0,0,0,0,0,0,0,0,0,0,0,0,0,0,0,0,0,0,0,0,0,0,0,0,0,0,0,0,0,0,0,0,0,0,0,0,0,0,0,0,0,0,0,0,0,0,0,0,0,0,0,0,0,0,0,0,0,0,0,0,,,,,,,,,,,,5188,0,135,5323,7485,
21,PUEBLA,83,IXCAMILPA DE GUERRERO,3,7,7,38,4,0,0,92,0,857,103,480,537,0,0,0,0,0,0,0,0,0,0,0,0,0,0,0,0,0,0,0,0,0,0,0,0,0,0,0,0,0,0,0,0,0,0,0,0,0,0,0,0,0,0,0,0,0,0,0,0,0,0,0,0,0,0,0,0,0,0,0,0,0,0,0,0,0,0,0,0,0,0,0,0,0,0,0,,,,,,,,,,,,2118,0,69,2187,3066,
21,PUEBLA,87,IZUCAR DE MATAMOROS,34,104,626,6286,1129,449,832,1193,1002,922,8068,577,453,803,4613,284,0,0,0,0,0,0,0,0,0,0,0,0,0,0,0,0,0,0,0,0,0,0,0,0,0,0,0,0,0,0,0,0,0,0,0,0,0,0,0,0,0,0,0,0,0,0,356,0,0,0,0,0,0,0,0,0,0,0,0,0,0,0,0,0,0,197,0,0,0,0,0,0,,,,,,,,,,,,27790,171,1210,29171,59857,
21,PUEBLA,89,JOLALPAN,6,16,35,2045,1099,913,0,852,3,295,1313,32,0,0,352,87,0,0,0,0,0,0,0,0,0,0,0,0,0,0,0,0,0,0,0,0,0,0,0,0,0,0,0,0,0,0,0,0,0,0,0,0,0,0,0,0,0,0,0,0,51,0,32,0,0,0,0,0,0,0,0,0,0,0,0,0,0,4,0,0,0,0,0,0,0,0,0,8,,,,,,,,,,,,7121,9,179,7309,9365,
21,PUEBLA,159,TEOTLALCO,4,6,0,692,0,0,0,312,377,0,0,427,0,,,0,,,,,,,,,,,,,,,,,,,,,,,,,,,,,,,,,,,,,,,,,,,,,,,,0,,,,,,,,,,,,,,,,0,,,,,,,,,,,,,,,,,,,,1808,0,31,1839,2616,
21,PUEBLA,164,TEPEMAXALCO,1,2,5,206,4,0,8,1,0,326,2,0,0,0,22,0,0,0,0,0,0,0,0,0,0,0,0,0,0,0,0,0,0,0,0,0,0,0,0,0,0,0,0,0,0,0,0,0,0,0,0,0,0,0,0,0,0,0,0,0,0,0,0,0,0,0,0,3,0,0,0,0,0,0,0,0,0,0,0,0,0,0,0,0,0,0,0,0,,,,,,,,,,,,577,0,29,606,854,
21,PUEBLA,165,TEPEOJUMA,6,15,84,2111,87,351,9,189,0,51,1351,36,14,0,8,39,0,0,0,0,0,0,0,0,0,0,0,0,0,0,0,0,0,0,0,0,0,0,50,0,0,0,0,0,0,0,0,0,0,0,0,0,0,0,0,0,0,0,0,0,34,0,9,2,0,0,0,6,0,0,0,0,0,0,0,0,0,2,0,0,0,0,0,0,0,0,0,5,,,,,,,,,,,,4438,25,156,4619,6880,
21,PUEBLA,167,TEPEXCO,3,8,87,787,27,0,4,131,3,0,369,0,1279,554,220,0,0,0,0,0,0,0,0,0,0,0,0,0,0,0,0,0,0,0,0,0,0,0,57,0,0,0,0,0,0,0,0,0,0,0,0,0,0,0,0,0,0,0,0,0,0,0,3,2,0,0,0,18,0,0,0,0,0,0,0,0,0,0,0,0,0,0,0,0,0,0,0,0,,,,,,,,,,,,3541,1,92,3634,5098,
21,PUEBLA,175,TILAPA,3,14,154,1226,14,43,0,425,13,1172,1605,0,39,0,71,0,0,0,0,0,0,0,0,0,0,0,0,0,0,0,0,0,0,0,0,0,0,0,0,0,0,0,0,0,0,0,0,0,0,0,0,0,0,0,0,0,0,0,0,0,0,0,66,0,0,0,0,0,0,0,0,0,0,0,0,0,0,0,0,0,0,0,0,0,0,0,0,0,,,,,,,,,,,,4828,0,95,4923,6983,
21,PUEBLA,185,TLAPANALA,5,12,15,1424,7,157,46,927,304,13,439,712,11,279,175,0,0,0,0,0,0,0,0,0,0,0,0,0,0,0,0,0,0,0,0,0,0,0,0,0,0,0,0,0,0,0,0,0,0,0,0,0,0,0,0,0,0,0,0,0,0,0,0,0,0,0,0,0,0,0,0,0,0,0,0,0,0,0,0,0,0,0,0,0,0,0,0,0,,,,,,,,,,,,4509,2,116,4627,6887,
21,PUEBLA,198,XICOTLAN,2,2,18,5,0,3,0,357,437,1,94,0,0,0,0,1,0,0,0,0,0,0,0,0,0,0,0,0,0,0,0,0,0,0,0,0,0,0,0,0,0,0,0,0,0,0,0,0,0,0,0,0,0,0,0,0,0,0,0,0,0,0,0,0,0,0,0,0,0,0,0,0,0,0,0,0,0,0,0,0,0,0,0,0,0,0,0,0,,,,,,,,,,,,916,0,35,951,1109,
21,PUEBLA,3,ACATLAN,18,52,3565,3359,371,796,642,160,526,1464,2531,206,470,262,1091,178,0,0,0,0,0,0,0,0,0,0,0,0,0,0,0,0,0,0,0,0,0,0,0,0,0,0,0,0,0,0,0,0,0,0,0,0,0,0,0,0,0,0,0,0,0,0,0,294,0,0,0,0,0,0,0,0,0,0,0,0,0,0,0,0,0,0,0,0,0,0,0,0,,,,,,,,,,,,15915,0,621,16536,28756,
21,PUEBLA,7,AHUATLAN,4,5,6,664,386,8,34,140,0,2,52,0,275,3,0,0,0,0,0,0,0,0,0,0,0,0,0,0,0,0,0,0,0,0,0,0,0,0,0,0,0,0,0,0,0,0,0,0,0,0,0,0,0,0,0,0,0,0,0,0,0,0,2,0,0,0,0,0,0,0,0,0,0,0,0,0,0,0,0,0,0,0,0,0,0,0,0,0,,,,,,,,,,,,1572,0,42,1614,2490,
21,PUEBLA,9,AHUEHUETITLA,1,4,7,224,32,12,0,7,0,342,129,0,0,0,3,0,0,0,0,0,0,0,0,0,0,0,0,0,0,0,0,0,0,0,0,0,0,0,0,0,0,0,0,0,0,0,0,0,0,0,0,0,0,0,0,0,0,0,0,0,0,0,27,0,0,0,0,0,0,0,0,0,0,0,0,0,0,0,0,0,0,0,0,0,0,0,0,0,,,,,,,,,,,,783,382,79,1244,1814,
21,PUEBLA,24,AXUTLA,2,3,254,5,9,0,0,0,0,0,226,0,0,0,0,0,0,0,0,0,0,0,0,0,0,0,0,0,0,0,0,0,0,0,0,0,0,0,0,0,0,0,0,0,0,0,0,0,0,0,0,0,0,0,0,0,0,0,0,0,0,0,0,10,0,0,0,0,0,0,0,0,0,0,0,0,0,0,0,0,0,0,0,0,0,0,0,0,,,,,,,,,,,,504,0,23,527,1049,
21,PUEBLA,53,CHIGMECATITLAN,2,2,330,265,0,5,133,0,0,8,138,0,0,0,102,0,0,0,0,0,0,0,0,0,0,0,0,0,0,0,0,0,0,0,0,0,0,0,0,0,0,0,0,0,0,0,0,0,0,0,0,0,0,0,0,0,0,0,0,0,0,0,0,0,0,0,0,1,0,0,0,0,0,0,0,0,0,0,0,0,0,0,0,0,0,0,0,0,,,,,,,,,,,,982,0,21,1003,1168,
21,PUEBLA,56,CHILA,4,8,14,969,1005,10,0,41,222,23,553,0,0,0,0,0,0,0,0,0,0,0,0,0,0,0,0,0,0,0,0,0,0,0,0,0,0,0,0,0,0,0,0,0,0,0,0,0,0,0,0,0,0,0,0,0,0,0,0,0,0,0,0,0,0,0,0,0,0,0,0,0,0,0,0,0,0,0,0,0,0,0,0,0,0,1,0,0,,,,,,,,,,,,2838,0,75,2913,4121,
21,PUEBLA,60,CHINANTLA,3,5,263,362,3,0,0,0,261,99,223,0,58,111,0,0,0,0,0,0,0,0,0,0,0,0,0,0,0,0,0,0,0,0,0,0,0,0,0,0,0,0,0,0,0,0,0,0,0,0,0,0,0,0,0,0,0,0,0,0,0,0,0,0,0,0,0,0,0,0,0,0,0,0,0,0,0,0,0,0,0,0,0,0,0,0,0,0,,,,,,,,,,,,1380,1,28,1409,2406,
21,PUEBLA,32,COATZINGO,3,6,0,11,427,81,407,6,0,5,69,0,15,579,21,0,0,0,0,0,0,0,0,0,0,0,0,0,0,0,0,0,0,0,0,0,0,0,0,0,0,0,0,0,0,0,0,0,0,0,0,0,0,0,0,0,0,0,0,0,0,0,0,0,0,0,0,0,0,0,0,0,0,0,0,0,0,0,0,0,0,0,0,0,0,0,0,0,,,,,,,,,,,,1621,0,56,1677,2254,
21,PUEBLA,43,CUAYUCA DE ANDRADE,4,9,0,1017,64,0,810,1,5,5,308,0,0,3,0,0,0,0,0,0,0,0,0,0,0,0,0,0,0,0,0,0,0,0,0,0,0,0,0,0,0,0,0,0,0,0,0,0,0,0,0,0,0,0,0,0,0,0,0,0,0,0,0,0,0,0,0,0,2,0,0,0,0,0,0,0,0,0,0,0,0,0,0,0,0,0,0,0,,,,,,,,,,,,2215,0,45,2260,2951,
21,PUEBLA,63,EPATLAN,2,6,863,37,12,260,0,584,0,0,655,0,9,0,0,0,0,0,0,0,0,0,0,0,0,0,0,0,0,0,0,0,0,0,0,0,0,0,0,0,0,0,0,0,0,0,0,0,0,0,0,0,0,0,0,0,0,0,0,0,0,0,0,4,0,0,0,0,0,0,0,0,0,0,0,0,0,0,0,0,0,0,0,0,0,0,0,0,,,,,,,,,,,,2424,4,68,2496,3628,
21,PUEBLA,67,GUADALUPE,4,9,1541,1715,9,0,0,15,0,27,429,0,0,0,0,0,0,0,0,0,0,0,0,0,0,0,0,0,0,0,0,0,0,0,0,0,0,0,0,0,0,0,0,0,0,0,0,0,0,0,0,0,0,0,0,0,0,0,0,0,0,0,0,8,0,0,0,0,0,0,0,0,0,0,0,0,0,0,0,0,0,0,0,0,0,0,0,0,,,,,,,,,,,,3744,0,135,3879,5453,
21,PUEBLA,71,HUATLATLAUCA,6,11,960,167,108,0,522,36,0,0,1516,0,30,0,129,0,0,0,0,0,0,0,0,0,0,0,0,0,0,0,0,0,0,0,0,0,0,0,0,0,0,0,0,0,0,0,0,0,0,0,0,0,0,0,0,0,0,0,0,0,0,0,0,168,0,0,0,0,0,0,0,0,0,0,0,0,0,0,0,0,0,0,0,0,0,0,0,0,,,,,,,,,,,,3636,22,91,3749,5177,
21,PUEBLA,75,HUEHUETLAN EL GRANDE,5,10,7,961,3,60,9,764,1,0,141,1,581,101,0,0,0,0,0,0,0,0,0,0,0,0,0,0,0,0,0,0,0,0,0,0,0,0,0,0,0,0,0,0,0,0,0,0,0,0,0,0,0,0,0,0,0,0,0,0,0,0,2,0,0,0,0,0,0,0,0,0,0,0,0,0,0,0,0,0,0,0,0,0,0,0,0,0,,,,,,,,,,,,2631,0,66,2697,4960,
21,PUEBLA,81,HUITZILTEPEC,3,7,13,21,1445,49,12,8,0,27,885,0,0,0,60,4,0,0,0,0,0,0,0,0,0,0,0,0,0,0,0,0,0,0,0,0,0,0,0,0,0,0,0,0,0,0,0,0,0,0,0,0,0,0,0,0,0,0,0,8,0,0,0,0,0,0,0,0,0,0,0,0,0,0,0,0,2,0,0,0,0,0,0,0,0,7,0,0,,,,,,,,,,,,2541,0,75,2616,4178,
21,PUEBLA,97,LA MAGDALENA TLATLAUQUITEPEC,1,1,2,29,141,0,0,0,50,0,105,0,103,0,0,0,0,0,0,0,0,0,0,0,0,0,0,0,0,0,0,0,0,0,0,0,0,0,0,0,0,0,0,0,0,0,0,0,0,0,0,0,0,0,0,0,0,0,0,0,0,0,0,0,0,0,0,0,0,0,0,0,0,0,0,0,0,0,0,0,0,0,0,0,0,0,0,0,,,,,,,,,,,,430,0,7,437,501,
21,PUEBLA,100,MOLCAXAC,5,8,15,806,13,25,602,498,0,304,428,0,0,14,600,0,0,0,0,0,0,0,0,0,0,0,0,0,0,0,0,0,0,0,0,0,0,0,0,0,0,0,0,0,0,0,0,0,0,0,0,0,0,0,0,0,0,0,0,0,0,0,5,0,0,0,0,0,0,0,0,0,0,0,0,0,0,0,0,0,0,0,0,0,0,0,0,0,,,,,,,,,,,,3310,1,108,3419,4897,
21,PUEBLA,113,PETLALCINGO,6,16,28,2298,1650,27,14,376,8,0,458,4,11,0,0,0,0,0,0,0,0,0,0,0,0,0,0,0,0,0,0,0,0,0,0,0,0,0,0,0,0,0,0,0,0,0,0,0,0,0,0,0,0,0,0,0,0,0,0,0,0,0,0,0,0,0,0,0,0,0,0,0,0,0,0,0,0,0,0,0,0,0,0,0,0,0,0,0,,,,,,,,,,,,4874,0,129,5003,7192,
21,PUEBLA,114,PIAXTLA,5,9,6,544,120,956,0,4,0,27,779,0,10,0,0,0,0,0,0,0,0,0,0,0,0,0,0,0,0,0,0,0,0,0,0,0,0,0,0,0,0,0,0,0,0,0,0,0,0,0,0,0,0,0,0,0,0,0,0,0,0,0,0,0,0,0,0,51,0,0,0,0,0,0,0,0,0,0,0,0,0,0,0,0,0,6,0,0,,,,,,,,,,,,2503,2,47,2552,4034,
21,PUEBLA,128,SAN JERONIMO XAYACATLAN,4,7,5,1135,666,0,0,5,2,15,463,16,11,0,0,0,0,0,0,0,0,0,0,0,0,0,0,0,0,0,0,0,0,0,0,0,0,0,0,0,0,0,0,0,0,0,0,0,0,0,0,0,0,0,0,0,0,0,0,0,0,0,0,0,0,0,0,0,0,0,0,0,0,0,0,0,0,0,0,0,0,0,0,0,0,0,0,0,,,,,,,,,,,,2318,0,89,2407,3241,
21,PUEBLA,132,SAN JUAN ATZOMPA,1,2,37,255,2,0,4,0,0,1,353,0,0,0,0,0,0,0,0,0,0,0,0,0,0,0,0,0,0,0,0,0,0,0,0,0,0,0,3,0,0,0,0,0,0,0,0,0,0,0,0,0,0,0,0,0,0,0,0,0,0,0,3,0,0,0,0,0,0,0,0,0,0,0,0,0,0,0,0,0,0,0,0,0,0,0,0,0,,,,,,,,,,,,658,0,17,675,805,
21,PUEBLA,134,SAN MARTIN TOTOLTEPEC,1,1,1,5,3,0,0,192,0,0,241,0,3,0,0,0,0,0,0,0,0,0,0,0,0,0,0,0,0,0,0,0,0,0,0,0,0,0,0,0,0,0,0,0,0,0,0,0,0,0,0,0,0,0,0,0,0,0,0,0,0,0,0,0,0,0,0,0,0,0,0,0,0,0,0,0,0,0,0,0,0,0,0,0,0,0,0,0,,,,,,,,,,,,445,0,20,465,611,
21,PUEBLA,136,SAN MIGUEL IXITLAN,1,1,54,140,2,1,0,154,14,1,14,0,0,0,0,0,0,0,0,0,0,0,0,0,0,0,0,0,0,0,0,0,0,0,0,0,0,0,0,0,0,0,0,0,0,0,0,0,0,0,0,0,0,0,0,0,0,0,0,0,0,0,0,0,0,0,0,0,0,0,0,0,0,0,0,0,0,0,0,0,0,0,0,0,0,0,0,0,,,,,,,,,,,,380,0,6,386,480,
21,PUEBLA,140,SAN PABLO ANICANO,2,5,10,1439,7,0,1,6,1,9,789,0,0,0,0,0,0,0,0,0,0,0,0,0,0,0,0,0,0,0,0,0,0,0,0,0,0,0,0,0,0,0,0,0,0,0,0,0,0,0,0,0,0,0,0,0,0,0,0,0,0,0,3,0,0,0,0,0,0,0,0,0,0,0,0,0,0,0,0,0,0,0,0,0,0,0,0,0,,,,,,,,,,,,2265,2,38,2305,2957,
21,PUEBLA,142,SAN PEDRO YELOIXTLAHUACA,2,5,458,498,1,0,4,0,185,79,105,268,0,8,573,0,0,0,0,0,0,0,0,0,0,0,0,0,0,0,0,0,0,0,0,0,0,0,0,0,0,0,0,0,0,0,0,0,0,0,0,0,0,0,0,0,0,0,0,0,0,0,0,0,0,0,0,3,0,0,0,0,0,0,0,0,0,0,0,0,0,0,0,0,0,0,0,0,,,,,,,,,,,,2182,0,48,2230,2911,
21,PUEBLA,146,SANTA CATARINA TLALTEMPAN,1,1,65,159,3,0,112,0,0,41,147,0,0,0,0,0,0,0,0,0,0,0,0,0,0,0,0,0,0,0,0,0,0,0,0,0,0,0,0,0,0,0,0,0,0,0,0,0,0,0,0,0,0,0,0,0,0,0,0,0,0,0,0,0,0,0,0,1,0,0,0,0,0,0,0,0,0,0,0,0,0,0,0,0,0,0,0,0,,,,,,,,,,,,528,0,15,543,699,
21,PUEBLA,147,SANTA INES AHUATEMPAN,4,8,47,1468,104,190,20,10,0,21,1440,0,17,0,87,52,0,0,0,0,0,0,0,0,0,0,0,0,0,0,0,0,0,0,0,0,0,0,39,0,0,0,0,0,0,0,0,0,0,0,0,0,0,0,0,0,0,0,0,2,0,0,5,2,0,0,0,5,0,0,0,0,0,0,0,0,2,0,0,0,0,0,0,0,0,2,0,0,,,,,,,,,,,,3513,1,63,3577,4779,
21,PUEBLA,154,TECOMATLAN,5,10,44,1449,19,59,0,0,0,29,537,0,14,0,0,5,0,0,0,0,0,0,0,0,0,0,0,0,0,0,0,0,0,0,0,0,0,0,45,0,0,0,0,0,0,0,0,0,0,0,0,0,0,0,0,0,0,0,0,5,0,0,5,0,0,0,0,0,0,0,0,0,0,0,0,0,0,0,0,0,0,0,0,0,0,2,0,0,,,,,,,,,,,,2213,1,65,2279,4800,
21,PUEBLA,156,TEHUITZINGO,8,21,146,2082,12,2590,0,10,0,81,823,24,0,0,0,0,0,0,0,0,0,0,0,0,0,0,0,0,0,0,0,0,0,0,0,0,0,0,0,0,0,0,0,0,0,0,0,0,0,0,0,0,0,0,0,0,0,0,0,0,0,0,266,0,0,0,0,0,0,0,0,0,0,0,0,0,0,0,0,0,0,0,0,0,0,0,0,0,,,,,,,,,,,,6034,0,121,6155,9858,
21,PUEBLA,158,TEOPANTLAN,5,8,665,539,6,430,0,267,0,21,224,0,17,0,0,0,0,0,0,0,0,0,0,0,0,0,0,0,0,0,0,0,0,0,0,0,0,0,0,0,0,0,0,0,0,0,0,0,0,0,0,0,0,0,0,0,0,0,0,0,0,0,0,1,0,0,0,0,0,0,0,0,0,0,0,0,0,0,0,0,0,0,0,0,0,0,0,0,,,,,,,,,,,,2170,0,80,2250,3310,
21,PUEBLA,168,TEPEXI DE RODRIGUEZ,11,28,100,3874,30,171,88,38,19,0,3120,507,1196,122,0,56,0,0,0,0,0,0,0,0,0,0,0,0,0,0,0,0,0,0,0,0,0,0,0,0,0,0,0,0,0,0,0,0,0,0,0,0,0,0,0,0,0,0,0,0,0,0,48,0,0,0,0,0,0,0,0,0,0,0,0,0,0,0,0,0,0,0,0,0,0,0,0,0,,,,,,,,,,,,9369,4,313,9686,15187,
21,PUEBLA,170,TEPEYAHUALCO DE CUAUHTEMOC,1,4,19,87,700,0,260,3,0,0,956,0,0,0,8,0,0,0,0,0,0,0,0,0,0,0,0,0,0,0,0,0,0,0,0,0,0,0,0,0,0,0,0,0,0,0,0,0,0,0,0,0,0,0,0,0,0,0,0,0,0,0,0,0,0,0,0,0,0,0,0,0,0,0,0,0,0,0,0,0,0,0,0,0,0,0,0,0,,,,,,,,,,,,2033,4,63,2100,2813,
21,PUEBLA,189,TOCHTEPEC,7,22,600,936,2238,270,36,0,18,45,3077,9,195,949,371,93,0,0,0,0,0,0,0,0,0,0,0,0,0,0,0,0,0,0,0,0,0,0,0,0,0,0,0,0,0,0,0,0,0,0,0,0,0,0,0,0,0,0,0,0,0,0,604,0,0,0,0,0,0,0,0,0,0,0,0,0,0,0,0,0,0,0,0,0,0,0,0,0,,,,,,,,,,,,9441,3,282,9726,14713,
21,PUEBLA,190,TOTOLTEPEC DE GUERRERO,2,3,187,163,0,24,0,0,0,1,134,284,3,0,0,0,0,0,0,0,0,0,0,0,0,0,0,0,0,0,0,0,0,0,0,0,0,0,0,0,0,0,0,0,0,0,0,0,0,0,0,0,0,0,0,0,0,0,0,0,0,0,0,0,0,0,0,0,0,0,0,0,0,0,0,0,0,0,0,0,0,0,0,0,0,0,0,0,,,,,,,,,,,,796,8,12,816,970,
21,PUEBLA,191,TULCINGO,7,15,22,1892,22,18,1131,11,140,27,998,0,0,0,0,0,0,0,0,0,0,0,0,0,0,0,0,0,0,0,0,0,0,0,0,0,0,0,0,0,0,0,0,0,0,0,0,0,0,0,0,0,0,0,0,0,0,0,0,0,0,0,0,0,0,0,0,0,0,15,0,0,0,0,0,0,0,0,0,0,0,0,0,0,0,0,0,0,,,,,,,,,,,,4276,0,118,4394,7476,
21,PUEBLA,196,XAYACATLAN DE BRAVO,2,3,4,283,348,0,25,22,0,2,5,371,44,0,0,0,0,0,0,0,0,0,0,0,0,0,0,0,0,0,0,0,0,0,0,0,0,0,0,0,0,0,0,0,0,0,0,0,0,0,0,0,0,0,0,0,0,0,0,0,0,0,3,0,0,0,0,0,0,0,0,0,0,0,0,0,0,0,0,0,0,0,0,0,0,0,0,0,,,,,,,,,,,,1107,0,37,1144,1428,
21,PUEBLA,201,XOCHILTEPEC,2,4,498,23,385,0,0,87,0,0,212,0,0,0,0,0,0,0,0,0,0,0,0,0,0,0,0,0,0,0,0,0,0,0,0,0,0,0,0,0,0,0,0,0,0,0,0,0,0,0,0,0,0,0,0,0,0,0,0,0,0,0,0,0,0,0,0,0,0,0,0,0,0,0,0,0,0,0,0,0,0,0,0,0,0,0,0,0,,,,,,,,,,,,1205,298,58,1561,2490,
21,PUEBLA,203,XOCHITLAN TODOS SANTOS,3,8,13,515,39,0,1114,1500,3,5,74,5,0,9,0,0,0,0,0,0,0,0,0,0,0,0,0,0,0,0,0,0,0,0,0,0,0,0,0,0,0,0,0,0,0,0,0,0,0,0,0,0,0,0,0,0,0,0,0,0,0,0,0,0,0,0,0,34,0,0,0,0,0,0,0,0,0,0,0,0,0,0,0,0,0,0,0,0,,,,,,,,,,,,3311,0,122,3433,4816,
21,PUEBLA,206,ZACAPALA,4,7,457,930,5,569,12,3,0,96,217,0,9,0,0,0,0,0,0,0,0,0,0,0,0,0,0,0,0,0,0,0,0,0,0,0,0,0,0,0,0,0,0,0,0,0,0,0,0,0,0,0,0,0,0,0,0,0,0,0,0,0,0,0,0,0,0,3,0,0,0,0,0,0,0,0,0,0,0,0,0,0,0,0,0,0,0,0,,,,,,,,,,,,2301,1,51,2353,3330,
21,PUEBLA,18,ATEXCAL,6,8,23,949,2,0,12,0,575,405,146,0,0,0,0,0,0,0,0,0,0,0,0,0,0,0,0,0,0,0,0,0,0,0,0,0,0,0,3,0,0,0,0,0,0,0,0,0,0,0,0,0,0,0,0,0,0,0,0,0,0,0,5,0,0,0,0,1,0,0,0,0,0,0,0,0,0,0,0,0,0,0,0,0,0,0,0,0,,,,,,,,,,,,2121,0,66,2187,2917,
21,PUEBLA,27,CALTEPEC,7,9,641,197,13,87,440,9,507,22,421,16,416,0,0,11,0,0,0,0,0,0,0,0,0,0,0,0,0,0,0,0,0,0,0,0,0,0,0,0,0,0,0,0,0,0,0,0,0,0,0,0,0,0,0,0,0,0,0,0,11,0,0,1,0,0,0,0,0,0,0,0,0,0,0,0,0,1,0,0,0,0,0,0,0,0,0,1,,,,,,,,,,,,2794,0,68,2862,3602,
21,PUEBLA,38,COYOTEPEC,3,4,8,426,7,0,0,211,11,217,595,0,0,0,0,0,0,0,0,0,0,0,0,0,0,0,0,0,0,0,0,0,0,0,0,0,0,0,0,0,0,0,0,0,0,0,0,0,0,0,0,0,0,0,0,0,0,0,0,0,0,0,0,0,0,0,0,0,0,0,0,0,0,0,0,0,0,0,0,0,0,0,0,0,0,0,0,0,,,,,,,,,,,,1475,1,47,1523,2076,
21,PUEBLA,84,IXCAQUIXTLA,3,9,55,1580,13,0,0,19,0,528,1597,7,28,17,0,0,0,0,0,0,0,0,0,0,0,0,0,0,0,0,0,0,0,0,0,0,0,0,0,0,0,0,0,0,0,0,0,0,0,0,0,0,0,0,0,0,0,0,0,0,0,0,0,0,0,0,0,0,0,0,0,0,0,0,0,0,0,0,0,0,0,0,0,0,0,0,0,0,,,,,,,,,,,,3844,0,89,3933,6310,
21,PUEBLA,94,JUAN N. MENDEZ,4,8,964,695,117,0,11,7,0,22,1247,6,21,0,0,0,0,0,0,0,0,0,0,0,0,0,0,0,0,0,0,0,0,0,0,0,0,0,0,0,0,0,0,0,0,0,0,0,0,0,0,0,0,0,0,0,0,0,0,0,0,0,0,56,0,0,0,0,0,0,0,0,0,0,0,0,0,0,0,0,0,0,0,0,0,0,0,0,,,,,,,,,,,,3146,2,71,3219,4134,
21,PUEBLA,155,TEHUACAN,83,346,10211,18597,692,8726,3732,1569,849,8220,33906,1622,1297,740,6118,1551,0,0,0,0,0,0,0,0,0,0,0,0,0,0,0,0,0,0,0,0,0,0,0,0,0,0,0,0,0,0,0,0,0,0,0,0,0,0,0,0,0,0,0,0,0,0,0,93,0,0,0,0,0,0,0,0,0,0,0,0,0,0,0,0,0,0,0,0,0,0,0,0,,,,,,,,,,,,97923,670,3571,102164,229072,
21,PUEBLA,160,TEPANCO DE LOPEZ,7,26,551,747,24,149,52,0,537,2895,682,3979,0,55,0,20,0,0,0,0,0,0,0,0,0,0,0,0,0,0,0,0,0,0,0,0,0,0,17,0,0,0,0,0,0,0,0,0,0,0,0,0,0,0,0,0,0,0,0,0,0,0,153,0,0,0,0,1,0,0,0,0,0,0,0,0,0,0,0,0,0,0,0,0,0,0,0,0,,,,,,,,,,,,9862,3,334,10199,16266,
21,PUEBLA,176,TLACOTEPEC DE BENITO JUAREZ,21,61,3947,2495,70,655,158,57,188,3013,1698,648,2305,0,4588,63,0,0,0,0,0,0,0,0,0,0,0,0,0,0,0,0,0,0,0,0,0,0,0,0,0,0,0,0,0,0,0,0,0,0,0,0,0,0,0,0,0,0,0,0,0,0,0,121,0,0,0,0,80,0,0,0,0,0,0,0,0,0,0,0,0,0,0,0,0,0,0,0,,,,,,,,,,,,20086,3,901,20990,36707,
21,PUEBLA,209,ZAPOTITLAN,9,14,0,2256,12,0,2188,7,10,324,75,16,0,0,0,0,0,0,0,0,0,0,0,0,0,0,0,0,0,0,0,0,0,0,0,0,0,0,0,0,0,0,0,0,0,0,0,0,0,0,0,0,0,0,0,0,0,0,0,0,0,0,0,0,0,0,0,0,0,0,0,0,0,0,0,0,0,0,21,0,0,0,0,0,0,0,0,0,,,,,,,,,,,,4909,50,171,5130,6922,
21,PUEBLA,29,CAADA MORELOS,9,25,1504,2310,44,0,778,1649,633,1331,483,0,0,0,0,0,0,0,0,0,0,0,0,0,0,0,0,0,0,0,0,0,0,0,0,0,0,0,0,0,0,0,0,0,0,0,0,0,0,0,0,0,0,0,0,0,0,0,0,0,0,0,0,1,0,0,0,0,0,0,0,0,0,0,0,0,0,0,0,0,0,0,0,0,0,0,0,0,,,,,,,,,,,,8733,5,246,8984,14318,
21,PUEBLA,47,CHAPULCO,3,9,13,510,3,140,265,527,249,604,381,361,522,0,500,0,0,0,0,0,0,0,0,0,0,0,0,0,0,0,0,0,0,0,0,0,0,0,0,0,0,0,0,0,0,0,0,0,0,0,0,0,0,0,0,0,0,0,0,0,0,0,0,0,0,0,0,4,0,0,0,0,0,0,0,0,0,0,0,0,0,0,0,0,0,0,0,0,,,,,,,,,,,,4079,0,67,4146,5478,
21,PUEBLA,104,NICOLAS BRAVO,4,9,7,1476,19,14,13,6,3,49,236,0,21,1038,0,0,0,0,0,0,0,0,0,0,0,0,0,0,0,0,0,0,0,0,0,0,0,0,0,0,0,0,0,0,0,0,0,0,0,0,0,0,0,0,0,0,0,0,0,0,0,0,0,0,0,0,0,31,0,0,0,0,0,0,0,0,0,0,0,0,0,0,0,0,0,3,0,0,,,,,,,,,,,,2916,1,86,3003,4808,
21,PUEBLA,149,SANTIAGO MIAHUATLAN,6,29,746,543,99,2505,4602,468,26,384,2248,273,212,0,255,0,0,0,0,0,0,0,0,0,0,0,0,0,0,0,0,0,0,0,0,0,0,0,0,0,0,0,0,0,0,0,0,0,0,0,0,0,0,0,0,0,0,0,0,0,0,0,0,0,0,0,0,0,2,0,0,0,0,0,0,0,0,0,0,0,0,0,0,0,0,0,0,0,,,,,,,,,,,,12363,6,455,12824,19248,
21,PUEBLA,10,AJALPAN,25,74,11636,7982,132,412,3696,167,275,240,5166,446,315,317,207,26,0,0,0,0,0,0,0,0,0,0,0,0,0,0,0,0,0,0,0,0,0,0,0,0,0,0,0,0,0,0,0,0,0,0,0,0,0,0,0,0,0,0,0,0,22,0,0,0,0,0,0,25,0,0,0,0,0,0,0,0,0,7,0,12,0,0,0,0,0,0,0,9,,,,,,,,,,,,31092,2,1494,32588,45111,
21,PUEBLA,13,ALTEPEXI,6,22,602,700,14,327,224,2595,839,33,1506,2711,323,476,0,0,0,0,0,0,0,0,0,0,0,0,0,0,0,0,0,0,0,0,0,0,0,0,0,0,0,0,0,0,0,0,0,0,0,0,0,0,0,0,0,0,0,0,0,0,0,0,0,6,0,0,0,0,0,0,0,0,0,0,0,0,0,0,0,0,0,0,0,0,0,0,0,0,,,,,,,,,,,,10356,0,342,10698,14165,
21,PUEBLA,36,COXCATLAN,12,29,492,1818,23,492,1010,702,1527,396,598,804,513,22,345,38,0,0,0,0,0,0,0,0,0,0,0,0,0,0,0,0,0,0,0,0,0,0,0,0,0,0,0,0,0,0,0,0,0,0,0,0,0,0,0,0,0,0,0,0,0,0,0,0,0,0,0,0,0,0,0,0,0,0,0,0,0,0,0,0,0,0,0,0,0,0,0,0,,,,,,,,,,,,8780,2,307,9089,15334,
21,PUEBLA,37,COYOMEAPAN,8,20,14,3357,46,3531,15,9,0,35,15,6,0,0,0,0,0,0,0,0,0,0,0,0,0,0,0,0,0,0,0,0,0,0,0,0,0,0,0,0,0,0,0,0,0,0,0,0,0,0,0,0,0,0,0,0,0,0,0,0,0,0,0,0,0,0,0,10,0,0,0,0,0,0,0,0,5,0,0,0,0,0,0,0,0,0,0,0,,,,,,,,,,,,7043,0,190,7233,9868,
21,PUEBLA,62,ELOXOCHITLAN,6,20,99,67,21,4729,39,57,0,109,1917,0,0,0,0,0,0,0,0,0,0,0,0,0,0,0,0,0,0,0,0,0,0,0,0,0,0,0,0,0,0,0,0,0,0,0,0,0,0,0,0,0,0,0,0,0,0,0,0,0,0,0,0,0,0,0,0,0,0,0,0,0,0,0,0,0,0,0,0,0,0,0,0,0,0,0,0,0,,,,,,,,,,,,7038,0,309,7347,9304,
21,PUEBLA,121,SAN ANTONIO CAADA,2,7,66,894,955,15,0,10,1021,9,27,0,0,0,0,0,0,0,0,0,0,0,0,0,0,0,0,0,0,0,0,0,0,0,0,0,0,0,0,0,0,0,0,0,0,0,0,0,0,0,0,0,0,0,0,0,0,0,0,0,0,0,0,13,0,0,0,0,0,0,0,0,0,0,0,0,0,0,0,0,0,0,0,0,0,0,0,0,,,,,,,,,,,,3010,0,105,3115,4021,
21,PUEBLA,125,SAN GABRIEL CHILAC,6,19,2384,1798,16,78,10,254,7,64,1487,27,0,2310,0,6,0,0,0,0,0,0,0,0,0,0,0,0,0,0,0,0,0,0,0,0,0,0,0,0,0,0,0,0,0,0,0,0,0,0,0,0,0,0,0,0,0,0,0,0,12,0,0,0,0,0,0,9,0,0,0,0,0,0,0,0,0,0,0,0,0,0,0,0,0,0,0,0,,,,,,,,,,,,8462,0,182,8644,11655,
21,PUEBLA,130,SAN JOSE MIAHUATLAN,7,17,1517,849,109,0,0,546,0,1868,0,0,0,,,0,,,,,,,,,,,,,,,,,,,,,,,,,,,,,,,,,,,,,,,,,,,,,,,,128,,,,,,,,,,,,,,,,0,,,,,,,,,,,,,,,,,,,,5017,10,109,5136,10016,
21,PUEBLA,177,SAN SEBASTIAN TLACOTEPEC,8,17,78,348,132,672,2949,2096,0,0,478,0,0,0,0,0,0,0,0,0,0,0,0,0,0,0,0,0,0,0,0,0,0,0,0,0,0,0,0,0,0,0,0,0,0,0,0,0,0,0,0,0,0,0,0,0,0,0,0,0,0,0,0,0,0,0,0,0,0,0,0,0,0,0,0,0,0,0,0,0,0,0,0,0,0,0,0,0,,,,,,,,,,,,6753,0,176,6929,8747,
21,PUEBLA,195,VICENTE GUERRERO,11,30,3627,5645,48,1786,488,28,0,0,835,33,0,0,0,323,0,0,0,0,0,0,0,0,0,0,0,0,0,0,0,0,0,0,0,0,0,0,0,0,0,0,0,0,0,0,0,0,0,0,0,0,0,0,0,0,0,0,0,0,0,0,0,177,0,0,0,0,0,0,0,0,0,0,0,0,0,0,0,0,0,0,0,0,0,0,0,0,,,,,,,,,,,,12990,0,491,13481,17845,
21,PUEBLA,214,ZINACATEPEC,6,18,2502,598,35,145,0,578,21,0,3554,0,422,0,0,15,0,0,0,0,0,0,0,0,0,0,0,0,0,0,0,0,0,0,0,0,0,0,0,0,0,0,0,0,0,0,0,0,0,0,0,0,0,0,0,0,0,6,0,0,0,0,0,0,0,0,0,0,0,0,0,0,0,0,0,0,0,0,0,0,0,0,0,2,0,0,0,0,,,,,,,,,,,,7878,0,226,8104,11944,
21,PUEBLA,217,ZOQUITLAN,12,22,102,1863,4064,157,33,25,15,2624,106,0,93,0,26,0,0,0,0,0,0,0,0,0,0,0,0,0,0,0,0,0,0,0,0,0,0,0,0,0,0,0,0,0,0,0,0,0,0,0,0,0,0,0,0,0,0,0,0,0,0,0,0,141,0,0,0,0,14,0,0,0,0,0,0,0,0,0,0,0,0,0,0,0,0,0,0,0,,,,,,,,,,,,9263,0,534,9797,13460,
